28,Kousaka Honoka,R,//i.schoolido.lu/c/28idolizedHonoka.png,//i.schoolido.lu/c/28Honoka.png
29,Ayase Eli,R,//i.schoolido.lu/c/29idolizedEli.png,//i.schoolido.lu/c/29Eli.png
30,Minami Kotori,R,//i.schoolido.lu/c/30idolizedKotori.png,//i.schoolido.lu/c/30Kotori.png
31,Sonoda Umi,R,//i.schoolido.lu/c/31idolizedUmi.png,//i.schoolido.lu/c/31Umi.png
32,Hoshizora Rin,R,//i.schoolido.lu/c/32idolizedRin.png,//i.schoolido.lu/c/32Rin.png
33,Nishikino Maki,R,//i.schoolido.lu/c/33idolizedMaki.png,//i.schoolido.lu/c/33Maki.png
34,Toujou Nozomi,R,//i.schoolido.lu/c/34idolizedNozomi.png,//i.schoolido.lu/c/34Nozomi.png
35,Koizumi Hanayo,R,//i.schoolido.lu/c/35idolizedHanayo.png,//i.schoolido.lu/c/35Hanayo.png
36,Yazawa Nico,R,//i.schoolido.lu/c/36idolizedNico.png,//i.schoolido.lu/c/36Nico.png
37,Kousaka Honoka,R,//i.schoolido.lu/c/37idolizedHonoka.png,//i.schoolido.lu/c/37Honoka.png
38,Ayase Eli,R,//i.schoolido.lu/c/38idolizedEli.png,//i.schoolido.lu/c/38Eli.png
39,Minami Kotori,R,//i.schoolido.lu/c/39idolizedKotori.png,//i.schoolido.lu/c/39Kotori.png
40,Sonoda Umi,R,//i.schoolido.lu/c/40idolizedUmi.png,//i.schoolido.lu/c/40Umi.png
41,Hoshizora Rin,R,//i.schoolido.lu/c/41idolizedRin.png,//i.schoolido.lu/c/41Rin.png
42,Nishikino Maki,R,//i.schoolido.lu/c/42idolizedMaki.png,//i.schoolido.lu/c/42Maki.png
43,Toujou Nozomi,R,//i.schoolido.lu/c/43idolizedNozomi.png,//i.schoolido.lu/c/43Nozomi.png
44,Koizumi Hanayo,R,//i.schoolido.lu/c/44idolizedHanayo.png,//i.schoolido.lu/c/44Hanayo.png
45,Yazawa Nico,R,//i.schoolido.lu/c/45idolizedNico.png,//i.schoolido.lu/c/45Nico.png
46,Kousaka Honoka,R,//i.schoolido.lu/c/46idolizedHonoka.png,//i.schoolido.lu/c/46Honoka.png
47,Ayase Eli,R,//i.schoolido.lu/c/47idolizedEli.png,//i.schoolido.lu/c/47Eli.png
48,Minami Kotori,R,//i.schoolido.lu/c/48idolizedKotori.png,//i.schoolido.lu/c/48Kotori.png
49,Sonoda Umi,R,//i.schoolido.lu/c/49idolizedUmi.png,//i.schoolido.lu/c/49Umi.png
50,Hoshizora Rin,R,//i.schoolido.lu/c/50idolizedRin.png,//i.schoolido.lu/c/50Rin.png
51,Nishikino Maki,R,//i.schoolido.lu/c/51idolizedMaki.png,//i.schoolido.lu/c/51Maki.png
52,Toujou Nozomi,R,//i.schoolido.lu/c/52idolizedNozomi.png,//i.schoolido.lu/c/52Nozomi.png
53,Koizumi Hanayo,R,//i.schoolido.lu/c/53idolizedHanayo.png,//i.schoolido.lu/c/53Hanayo.png
54,Yazawa Nico,R,//i.schoolido.lu/c/54idolizedNico.png,//i.schoolido.lu/c/54Nico.png
55,Kousaka Honoka,SR,//i.schoolido.lu/c/55idolizedHonoka.png,//i.schoolido.lu/c/55Honoka.png
56,Ayase Eli,SR,//i.schoolido.lu/c/56idolizedEli.png,//i.schoolido.lu/c/56Eli.png
57,Minami Kotori,SR,//i.schoolido.lu/c/57idolizedKotori.png,//i.schoolido.lu/c/57Kotori.png
58,Sonoda Umi,SR,//i.schoolido.lu/c/58idolizedUmi.png,//i.schoolido.lu/c/58Umi.png
59,Hoshizora Rin,SR,//i.schoolido.lu/c/59idolizedRin.png,//i.schoolido.lu/c/59Rin.png
60,Nishikino Maki,SR,//i.schoolido.lu/c/60idolizedMaki.png,//i.schoolido.lu/c/60Maki.png
61,Toujou Nozomi,SR,//i.schoolido.lu/c/61idolizedNozomi.png,//i.schoolido.lu/c/61Nozomi.png
62,Koizumi Hanayo,SR,//i.schoolido.lu/c/62idolizedHanayo.png,//i.schoolido.lu/c/62Hanayo.png
63,Yazawa Nico,SR,//i.schoolido.lu/c/63idolizedNico.png,//i.schoolido.lu/c/63Nico.png
64,Koizumi Hanayo,UR,//i.schoolido.lu/c/64idolizedHanayo.png,//i.schoolido.lu/c/64Hanayo.png
65,Kousaka Honoka,UR,//i.schoolido.lu/c/65idolizedHonoka.png,
66,Yazawa Nico,UR,//i.schoolido.lu/c/66idolizedNico.png,//i.schoolido.lu/c/66Nico.png
67,Minami Kotori,UR,//i.schoolido.lu/c/67idolizedKotori.png,
68,Sonoda Umi,UR,//i.schoolido.lu/c/68idolizedUmi.png,
71,Kousaka Honoka,SR,//i.schoolido.lu/c/71idolizedHonoka.png,//i.schoolido.lu/c/71Honoka.png
72,Toujou Nozomi,SR,//i.schoolido.lu/c/72idolizedNozomi.png,//i.schoolido.lu/c/72Nozomi.png
73,Sonoda Umi,UR,//i.schoolido.lu/c/73idolizedUmi.png,//i.schoolido.lu/c/73Umi.png
75,Minami Kotori,SR,//i.schoolido.lu/c/75idolizedKotori.png,//i.schoolido.lu/c/75Kotori.png
77,Nishikino Maki,SR,//i.schoolido.lu/c/77idolizedMaki.png,//i.schoolido.lu/c/77Maki.png
78,Koizumi Hanayo,SR,//i.schoolido.lu/c/78idolizedHanayo.png,//i.schoolido.lu/c/78Hanayo.png
79,Kousaka Honoka,UR,//i.schoolido.lu/c/79idolizedHonoka.png,//i.schoolido.lu/c/79Honoka.png
81,Sonoda Umi,SR,//i.schoolido.lu/c/81idolizedUmi.png,//i.schoolido.lu/c/81Umi.png
82,Koizumi Hanayo,UR,//i.schoolido.lu/c/82idolizedHanayo.png,
86,Sonoda Umi,SR,//i.schoolido.lu/c/86idolizedUmi.png,//i.schoolido.lu/c/86Umi.png
87,Hoshizora Rin,SR,//i.schoolido.lu/c/87idolizedRin.png,//i.schoolido.lu/c/87Rin.png
88,Minami Kotori,UR,//i.schoolido.lu/c/88idolizedKotori.png,//i.schoolido.lu/c/88Kotori.png
90,Yazawa Nico,SR,//i.schoolido.lu/c/90idolizedNico.png,//i.schoolido.lu/c/90Nico.png
92,Minami Kotori,SR,//i.schoolido.lu/c/92idolizedKotori.png,//i.schoolido.lu/c/92Kotori.png
93,Hoshizora Rin,SR,//i.schoolido.lu/c/93idolizedRin.png,//i.schoolido.lu/c/93Rin.png
94,Ayase Eli,UR,//i.schoolido.lu/c/94idolizedEli.png,//i.schoolido.lu/c/94Eli.png
95,Hoshizora Rin,UR,//i.schoolido.lu/c/95idolizedRin.png,
96,Nishikino Maki,UR,//i.schoolido.lu/c/96idolizedMaki.png,
99,Nishikino Maki,SR,//i.schoolido.lu/c/99idolizedMaki.png,//i.schoolido.lu/c/99Maki.png
100,Yazawa Nico,SR,//i.schoolido.lu/c/100idolizedNico.png,//i.schoolido.lu/c/100Nico.png
101,Toujou Nozomi,UR,//i.schoolido.lu/c/101idolizedNozomi.png,//i.schoolido.lu/c/101Nozomi.png
103,Ayase Eli,SR,//i.schoolido.lu/c/103idolizedEli.png,//i.schoolido.lu/c/103Eli.png
104,Toujou Nozomi,SR,//i.schoolido.lu/c/104idolizedNozomi.png,//i.schoolido.lu/c/104Nozomi.png
105,Hoshizora Rin,UR,//i.schoolido.lu/c/105idolizedRin.png,//i.schoolido.lu/c/105Rin.png
107,Kousaka Honoka,SR,//i.schoolido.lu/c/107idolizedHonoka.png,//i.schoolido.lu/c/107Honoka.png
108,Kousaka Honoka,SR,//i.schoolido.lu/c/108idolizedHonoka.png,
109,Kousaka Honoka,SR,//i.schoolido.lu/c/109idolizedHonoka.png,
110,Ayase Eli,SR,//i.schoolido.lu/c/110idolizedEli.png,
111,Minami Kotori,SR,//i.schoolido.lu/c/111idolizedKotori.png,
112,Sonoda Umi,SR,//i.schoolido.lu/c/112idolizedUmi.png,
113,Hoshizora Rin,SR,//i.schoolido.lu/c/113idolizedRin.png,
114,Nishikino Maki,SR,//i.schoolido.lu/c/114idolizedMaki.png,
115,Toujou Nozomi,SR,//i.schoolido.lu/c/115idolizedNozomi.png,
116,Koizumi Hanayo,SR,//i.schoolido.lu/c/116idolizedHanayo.png,
117,Yazawa Nico,SR,//i.schoolido.lu/c/117idolizedNico.png,
118,Yazawa Nico,UR,//i.schoolido.lu/c/118idolizedNico.png,
119,Minami Kotori,UR,//i.schoolido.lu/c/119idolizedKotori.png,
122,Kousaka Honoka,SR,//i.schoolido.lu/c/122idolizedHonoka.png,//i.schoolido.lu/c/122Honoka.png
123,Ayase Eli,SR,//i.schoolido.lu/c/123idolizedEli.png,//i.schoolido.lu/c/123Eli.png
124,Sonoda Umi,SR,//i.schoolido.lu/c/124idolizedUmi.png,//i.schoolido.lu/c/124Umi.png
125,Hoshizora Rin,SR,//i.schoolido.lu/c/125idolizedRin.png,//i.schoolido.lu/c/125Rin.png
126,Nishikino Maki,UR,//i.schoolido.lu/c/126idolizedMaki.png,//i.schoolido.lu/c/126Maki.png
127,Yazawa Nico,UR,//i.schoolido.lu/c/127idolizedNico.png,//i.schoolido.lu/c/127Nico.png
129,Ayase Eli,SR,//i.schoolido.lu/c/129idolizedEli.png,//i.schoolido.lu/c/129Eli.png
131,Minami Kotori,SR,//i.schoolido.lu/c/131idolizedKotori.png,//i.schoolido.lu/c/131Kotori.png
132,Nishikino Maki,SR,//i.schoolido.lu/c/132idolizedMaki.png,//i.schoolido.lu/c/132Maki.png
133,Koizumi Hanayo,SR,//i.schoolido.lu/c/133idolizedHanayo.png,//i.schoolido.lu/c/133Hanayo.png
134,Toujou Nozomi,UR,//i.schoolido.lu/c/134idolizedNozomi.png,//i.schoolido.lu/c/134Nozomi.png
136,Koizumi Hanayo,SR,//i.schoolido.lu/c/136idolizedHanayo.png,//i.schoolido.lu/c/136Hanayo.png
137,Kousaka Honoka,UR,//i.schoolido.lu/c/137idolizedHonoka.png,
138,Ayase Eli,UR,//i.schoolido.lu/c/138idolizedEli.png,
139,Toujou Nozomi,UR,//i.schoolido.lu/c/139idolizedNozomi.png,
141,Kousaka Honoka,SR,//i.schoolido.lu/c/141idolizedHonoka.png,//i.schoolido.lu/c/141Honoka.png
142,Hoshizora Rin,SR,//i.schoolido.lu/c/142idolizedRin.png,//i.schoolido.lu/c/142Rin.png
143,Nishikino Maki,SR,//i.schoolido.lu/c/143idolizedMaki.png,//i.schoolido.lu/c/143Maki.png
144,Toujou Nozomi,SR,//i.schoolido.lu/c/144idolizedNozomi.png,//i.schoolido.lu/c/144Nozomi.png
145,Sonoda Umi,UR,//i.schoolido.lu/c/145idolizedUmi.png,//i.schoolido.lu/c/145Umi.png
150,Toujou Nozomi,SR,//i.schoolido.lu/c/150idolizedNozomi.png,//i.schoolido.lu/c/150Nozomi.png
152,Ayase Eli,SR,//i.schoolido.lu/c/152idolizedEli.png,//i.schoolido.lu/c/152Eli.png
153,Koizumi Hanayo,SR,//i.schoolido.lu/c/153idolizedHanayo.png,//i.schoolido.lu/c/153Hanayo.png
154,Yazawa Nico,SR,//i.schoolido.lu/c/154idolizedNico.png,//i.schoolido.lu/c/154Nico.png
155,Minami Kotori,UR,//i.schoolido.lu/c/155idolizedKotori.png,//i.schoolido.lu/c/155Kotori.png
157,Hoshizora Rin,SR,//i.schoolido.lu/c/157idolizedRin.png,//i.schoolido.lu/c/157Rin.png
158,Sonoda Umi,SR,//i.schoolido.lu/c/158idolizedUmi.png,
159,Kousaka Honoka,UR,//i.schoolido.lu/c/159idolizedHonoka.png,
161,Ayase Eli,SR,//i.schoolido.lu/c/161idolizedEli.png,//i.schoolido.lu/c/161Eli.png
162,Sonoda Umi,SR,//i.schoolido.lu/c/162idolizedUmi.png,//i.schoolido.lu/c/162Umi.png
163,Toujou Nozomi,SR,//i.schoolido.lu/c/163idolizedNozomi.png,//i.schoolido.lu/c/163Nozomi.png
164,Koizumi Hanayo,SR,//i.schoolido.lu/c/164idolizedHanayo.png,//i.schoolido.lu/c/164Hanayo.png
165,Kousaka Honoka,UR,//i.schoolido.lu/c/165idolizedHonoka.png,//i.schoolido.lu/c/165Honoka.png
167,Nishikino Maki,SR,//i.schoolido.lu/c/167idolizedMaki.png,//i.schoolido.lu/c/167Maki.png
169,Minami Kotori,SR,//i.schoolido.lu/c/169idolizedKotori.png,//i.schoolido.lu/c/169Kotori.png
170,Nishikino Maki,SR,//i.schoolido.lu/c/170idolizedMaki.png,//i.schoolido.lu/c/170Maki.png
171,Yazawa Nico,SR,//i.schoolido.lu/c/171idolizedNico.png,//i.schoolido.lu/c/171Nico.png
172,Hoshizora Rin,UR,//i.schoolido.lu/c/172idolizedRin.png,//i.schoolido.lu/c/172Rin.png
174,Ayase Eli,SR,//i.schoolido.lu/c/174idolizedEli.png,//i.schoolido.lu/c/174Eli.png
176,Kousaka Honoka,SR,//i.schoolido.lu/c/176idolizedHonoka.png,//i.schoolido.lu/c/176Honoka.png
177,Ayase Eli,SR,//i.schoolido.lu/c/177idolizedEli.png,//i.schoolido.lu/c/177Eli.png
178,Minami Kotori,SR,//i.schoolido.lu/c/178idolizedKotori.png,//i.schoolido.lu/c/178Kotori.png
179,Yazawa Nico,SR,//i.schoolido.lu/c/179idolizedNico.png,//i.schoolido.lu/c/179Nico.png
180,Koizumi Hanayo,UR,//i.schoolido.lu/c/180idolizedHanayo.png,//i.schoolido.lu/c/180Hanayo.png
182,Minami Kotori,SR,//i.schoolido.lu/c/182idolizedKotori.png,//i.schoolido.lu/c/182Kotori.png
184,Sonoda Umi,SR,//i.schoolido.lu/c/184idolizedUmi.png,//i.schoolido.lu/c/184Umi.png
185,Hoshizora Rin,SR,//i.schoolido.lu/c/185idolizedRin.png,//i.schoolido.lu/c/185Rin.png
186,Toujou Nozomi,SR,//i.schoolido.lu/c/186idolizedNozomi.png,//i.schoolido.lu/c/186Nozomi.png
187,Nishikino Maki,UR,//i.schoolido.lu/c/187idolizedMaki.png,//i.schoolido.lu/c/187Maki.png
189,Kousaka Honoka,SR,//i.schoolido.lu/c/189idolizedHonoka.png,//i.schoolido.lu/c/189Honoka.png
190,Minami Kotori,SR,//i.schoolido.lu/c/190idolizedKotori.png,
192,Sonoda Umi,SR,//i.schoolido.lu/c/192idolizedUmi.png,//i.schoolido.lu/c/192Umi.png
193,Hoshizora Rin,SR,//i.schoolido.lu/c/193idolizedRin.png,//i.schoolido.lu/c/193Rin.png
194,Nishikino Maki,SR,//i.schoolido.lu/c/194idolizedMaki.png,//i.schoolido.lu/c/194Maki.png
195,Yazawa Nico,SR,//i.schoolido.lu/c/195idolizedNico.png,//i.schoolido.lu/c/195Nico.png
196,Ayase Eli,UR,//i.schoolido.lu/c/196idolizedEli.png,//i.schoolido.lu/c/196Eli.png
198,Koizumi Hanayo,SR,//i.schoolido.lu/c/198idolizedHanayo.png,//i.schoolido.lu/c/198Hanayo.png
200,Kousaka Honoka,SR,//i.schoolido.lu/c/200idolizedHonoka.png,//i.schoolido.lu/c/200Honoka.png
201,Minami Kotori,SR,//i.schoolido.lu/c/201idolizedKotori.png,//i.schoolido.lu/c/201Kotori.png
202,Koizumi Hanayo,SR,//i.schoolido.lu/c/202idolizedHanayo.png,//i.schoolido.lu/c/202Hanayo.png
203,Toujou Nozomi,UR,//i.schoolido.lu/c/203idolizedNozomi.png,//i.schoolido.lu/c/203Nozomi.png
204,Minami Kotori,UR,//i.schoolido.lu/c/204idolizedKotori.png,
206,Sonoda Umi,SR,//i.schoolido.lu/c/206idolizedUmi.png,//i.schoolido.lu/c/206Umi.png
207,Yazawa Nico,SR,//i.schoolido.lu/c/207idolizedNico.png,
208,Sonoda Umi,UR,//i.schoolido.lu/c/208idolizedUmi.png,
210,Minami Kotori,SR,//i.schoolido.lu/c/210idolizedKotori.png,//i.schoolido.lu/c/210Kotori.png
211,Hoshizora Rin,SR,//i.schoolido.lu/c/211idolizedRin.png,//i.schoolido.lu/c/211Rin.png
212,Toujou Nozomi,SR,//i.schoolido.lu/c/212idolizedNozomi.png,//i.schoolido.lu/c/212Nozomi.png
213,Yazawa Nico,SR,//i.schoolido.lu/c/213idolizedNico.png,//i.schoolido.lu/c/213Nico.png
214,Sonoda Umi,UR,//i.schoolido.lu/c/214idolizedUmi.png,//i.schoolido.lu/c/214Umi.png
216,Nishikino Maki,SR,//i.schoolido.lu/c/216idolizedMaki.png,
217,Yazawa Nico,SR,//i.schoolido.lu/c/217idolizedNico.png,//i.schoolido.lu/c/217Nico.png
219,Ayase Eli,SR,//i.schoolido.lu/c/219idolizedEli.png,//i.schoolido.lu/c/219Eli.png
220,Nishikino Maki,SR,//i.schoolido.lu/c/220idolizedMaki.png,//i.schoolido.lu/c/220Maki.png
221,Koizumi Hanayo,SR,//i.schoolido.lu/c/221idolizedHanayo.png,//i.schoolido.lu/c/221Hanayo.png
222,Kousaka Honoka,UR,//i.schoolido.lu/c/222idolizedHonoka.png,//i.schoolido.lu/c/222Honoka.png
224,Toujou Nozomi,SR,//i.schoolido.lu/c/224idolizedNozomi.png,//i.schoolido.lu/c/224Nozomi.png
225,Hoshizora Rin,R,//i.schoolido.lu/c/225idolizedRin.png,
226,Kousaka Honoka,SR,//i.schoolido.lu/c/226idolizedHonoka.png,
227,Ayase Eli,SR,//i.schoolido.lu/c/227idolizedEli.png,
228,Minami Kotori,SR,//i.schoolido.lu/c/228idolizedKotori.png,
229,Sonoda Umi,SR,//i.schoolido.lu/c/229idolizedUmi.png,
230,Hoshizora Rin,SR,//i.schoolido.lu/c/230idolizedRin.png,
231,Nishikino Maki,SR,//i.schoolido.lu/c/231idolizedMaki.png,
232,Toujou Nozomi,SR,//i.schoolido.lu/c/232idolizedNozomi.png,
233,Koizumi Hanayo,SR,//i.schoolido.lu/c/233idolizedHanayo.png,
234,Yazawa Nico,SR,//i.schoolido.lu/c/234idolizedNico.png,
235,Kousaka Honoka,SR,//i.schoolido.lu/c/235idolizedHonoka.png,
236,Ayase Eli,SR,//i.schoolido.lu/c/236idolizedEli.png,
237,Minami Kotori,SR,//i.schoolido.lu/c/237idolizedKotori.png,
238,Sonoda Umi,SR,//i.schoolido.lu/c/238idolizedUmi.png,
239,Hoshizora Rin,SR,//i.schoolido.lu/c/239idolizedRin.png,
240,Nishikino Maki,SR,//i.schoolido.lu/c/240idolizedMaki.png,
241,Toujou Nozomi,SR,//i.schoolido.lu/c/241idolizedNozomi.png,
242,Koizumi Hanayo,SR,//i.schoolido.lu/c/242idolizedHanayo.png,
243,Yazawa Nico,SR,//i.schoolido.lu/c/243idolizedNico.png,
245,Kousaka Honoka,SR,//i.schoolido.lu/c/245idolizedHonoka.png,//i.schoolido.lu/c/245Honoka.png
246,Sonoda Umi,SR,//i.schoolido.lu/c/246idolizedUmi.png,//i.schoolido.lu/c/246Umi.png
247,Hoshizora Rin,SR,//i.schoolido.lu/c/247idolizedRin.png,//i.schoolido.lu/c/247Rin.png
248,Koizumi Hanayo,SR,//i.schoolido.lu/c/248idolizedHanayo.png,//i.schoolido.lu/c/248Hanayo.png
249,Minami Kotori,UR,//i.schoolido.lu/c/249idolizedKotori.png,
250,Yazawa Nico,UR,//i.schoolido.lu/c/250idolizedNico.png,//i.schoolido.lu/c/250Nico.png
252,Hoshizora Rin,SR,//i.schoolido.lu/c/252idolizedRin.png,//i.schoolido.lu/c/252Rin.png
254,Ayase Eli,SR,//i.schoolido.lu/c/254idolizedEli.png,//i.schoolido.lu/c/254Eli.png
255,Minami Kotori,SR,//i.schoolido.lu/c/255idolizedKotori.png,//i.schoolido.lu/c/255Kotori.png
256,Toujou Nozomi,SR,//i.schoolido.lu/c/256idolizedNozomi.png,//i.schoolido.lu/c/256Nozomi.png
257,Nishikino Maki,UR,//i.schoolido.lu/c/257idolizedMaki.png,//i.schoolido.lu/c/257Maki.png
259,Nishikino Maki,SR,//i.schoolido.lu/c/259idolizedMaki.png,//i.schoolido.lu/c/259Maki.png
261,Kousaka Honoka,SR,//i.schoolido.lu/c/261idolizedHonoka.png,//i.schoolido.lu/c/261Honoka.png
262,Ayase Eli,SR,//i.schoolido.lu/c/262idolizedEli.png,//i.schoolido.lu/c/262Eli.png
263,Sonoda Umi,SR,//i.schoolido.lu/c/263idolizedUmi.png,//i.schoolido.lu/c/263Umi.png
264,Toujou Nozomi,SR,//i.schoolido.lu/c/264idolizedNozomi.png,//i.schoolido.lu/c/264Nozomi.png
265,Koizumi Hanayo,UR,//i.schoolido.lu/c/265idolizedHanayo.png,//i.schoolido.lu/c/265Hanayo.png
267,Yazawa Nico,SR,//i.schoolido.lu/c/267idolizedNico.png,//i.schoolido.lu/c/267Nico.png
269,Minami Kotori,SR,//i.schoolido.lu/c/269idolizedKotori.png,//i.schoolido.lu/c/269Kotori.png
270,Nishikino Maki,SR,//i.schoolido.lu/c/270idolizedMaki.png,//i.schoolido.lu/c/270Maki.png
271,Yazawa Nico,SR,//i.schoolido.lu/c/271idolizedNico.png,//i.schoolido.lu/c/271Nico.png
272,Hoshizora Rin,UR,//i.schoolido.lu/c/272idolizedRin.png,//i.schoolido.lu/c/272Rin.png
274,Minami Kotori,SR,//i.schoolido.lu/c/274idolizedKotori.png,//i.schoolido.lu/c/274Kotori.png
276,Kousaka Honoka,SR,//i.schoolido.lu/c/276idolizedHonoka.png,//i.schoolido.lu/c/276Honoka.png
277,Minami Kotori,SR,//i.schoolido.lu/c/277idolizedKotori.png,//i.schoolido.lu/c/277Kotori.png
278,Hoshizora Rin,SR,//i.schoolido.lu/c/278idolizedRin.png,//i.schoolido.lu/c/278Rin.png
279,Koizumi Hanayo,SR,//i.schoolido.lu/c/279idolizedHanayo.png,//i.schoolido.lu/c/279Hanayo.png
280,Ayase Eli,UR,//i.schoolido.lu/c/280idolizedEli.png,//i.schoolido.lu/c/280Eli.png
282,Nishikino Maki,SR,//i.schoolido.lu/c/282idolizedMaki.png,//i.schoolido.lu/c/282Maki.png
284,Kousaka Honoka,R,//i.schoolido.lu/c/284idolizedHonoka.png,//i.schoolido.lu/c/284Honoka.png
285,Ayase Eli,R,//i.schoolido.lu/c/285idolizedEli.png,//i.schoolido.lu/c/285Eli.png
286,Minami Kotori,R,//i.schoolido.lu/c/286idolizedKotori.png,//i.schoolido.lu/c/286Kotori.png
287,Sonoda Umi,R,//i.schoolido.lu/c/287idolizedUmi.png,//i.schoolido.lu/c/287Umi.png
288,Hoshizora Rin,R,//i.schoolido.lu/c/288idolizedRin.png,//i.schoolido.lu/c/288Rin.png
289,Nishikino Maki,R,//i.schoolido.lu/c/289idolizedMaki.png,//i.schoolido.lu/c/289Maki.png
290,Toujou Nozomi,R,//i.schoolido.lu/c/290idolizedNozomi.png,//i.schoolido.lu/c/290Nozomi.png
291,Koizumi Hanayo,R,//i.schoolido.lu/c/291idolizedHanayo.png,//i.schoolido.lu/c/291Hanayo.png
292,Yazawa Nico,R,//i.schoolido.lu/c/292idolizedNico.png,//i.schoolido.lu/c/292Nico.png
293,Nishikino Maki,SR,//i.schoolido.lu/c/293idolizedMaki.png,//i.schoolido.lu/c/293Maki.png
294,Toujou Nozomi,SR,//i.schoolido.lu/c/294idolizedNozomi.png,//i.schoolido.lu/c/294Nozomi.png
295,Yazawa Nico,SR,//i.schoolido.lu/c/295idolizedNico.png,//i.schoolido.lu/c/295Nico.png
296,Sonoda Umi,UR,//i.schoolido.lu/c/296idolizedUmi.png,//i.schoolido.lu/c/296Umi.png
298,Kousaka Honoka,R,//i.schoolido.lu/c/298idolizedHonoka.png,
299,Ayase Eli,R,//i.schoolido.lu/c/299idolizedEli.png,
300,Minami Kotori,R,//i.schoolido.lu/c/300idolizedKotori.png,
301,Sonoda Umi,R,//i.schoolido.lu/c/301idolizedUmi.png,
302,Hoshizora Rin,R,//i.schoolido.lu/c/302idolizedRin.png,
303,Nishikino Maki,R,//i.schoolido.lu/c/303idolizedMaki.png,
304,Toujou Nozomi,R,//i.schoolido.lu/c/304idolizedNozomi.png,
305,Koizumi Hanayo,R,//i.schoolido.lu/c/305idolizedHanayo.png,
306,Yazawa Nico,R,//i.schoolido.lu/c/306idolizedNico.png,
307,Hoshizora Rin,SR,//i.schoolido.lu/c/307idolizedRin.png,
308,Koizumi Hanayo,SR,//i.schoolido.lu/c/308idolizedHanayo.png,//i.schoolido.lu/c/308Hanayo.png
309,Koizumi Hanayo,SR,//i.schoolido.lu/c/309idolizedHanayo.png,
311,Sonoda Umi,SR,//i.schoolido.lu/c/311idolizedUmi.png,//i.schoolido.lu/c/311Umi.png
312,Hoshizora Rin,SR,//i.schoolido.lu/c/312idolizedRin.png,//i.schoolido.lu/c/312Rin.png
313,Nishikino Maki,SR,//i.schoolido.lu/c/313idolizedMaki.png,//i.schoolido.lu/c/313Maki.png
314,Toujou Nozomi,SR,//i.schoolido.lu/c/314idolizedNozomi.png,//i.schoolido.lu/c/314Nozomi.png
315,Minami Kotori,UR,//i.schoolido.lu/c/315idolizedKotori.png,//i.schoolido.lu/c/315Kotori.png
317,Sonoda Umi,SR,//i.schoolido.lu/c/317idolizedUmi.png,//i.schoolido.lu/c/317Umi.png
319,Kousaka Honoka,SR,//i.schoolido.lu/c/319idolizedHonoka.png,//i.schoolido.lu/c/319Honoka.png
320,Ayase Eli,SR,//i.schoolido.lu/c/320idolizedEli.png,//i.schoolido.lu/c/320Eli.png
321,Yazawa Nico,SR,//i.schoolido.lu/c/321idolizedNico.png,//i.schoolido.lu/c/321Nico.png
322,Koizumi Hanayo,UR,//i.schoolido.lu/c/322idolizedHanayo.png,//i.schoolido.lu/c/322Hanayo.png
324,Kousaka Honoka,SR,//i.schoolido.lu/c/324idolizedHonoka.png,//i.schoolido.lu/c/324Honoka.png
326,Sonoda Umi,SR,//i.schoolido.lu/c/326idolizedUmi.png,//i.schoolido.lu/c/326Umi.png
327,Hoshizora Rin,SR,//i.schoolido.lu/c/327idolizedRin.png,//i.schoolido.lu/c/327Rin.png
328,Toujou Nozomi,SR,//i.schoolido.lu/c/328idolizedNozomi.png,//i.schoolido.lu/c/328Nozomi.png
329,Yazawa Nico,SR,//i.schoolido.lu/c/329idolizedNico.png,//i.schoolido.lu/c/329Nico.png
330,Ayase Eli,UR,//i.schoolido.lu/c/330idolizedEli.png,//i.schoolido.lu/c/330Eli.png
332,Hoshizora Rin,SR,//i.schoolido.lu/c/332idolizedRin.png,//i.schoolido.lu/c/332Rin.png
334,Kousaka Honoka,R,//i.schoolido.lu/c/334idolizedHonoka.png,//i.schoolido.lu/c/334Honoka.png
335,Ayase Eli,R,//i.schoolido.lu/c/335idolizedEli.png,//i.schoolido.lu/c/335Eli.png
336,Minami Kotori,R,//i.schoolido.lu/c/336idolizedKotori.png,//i.schoolido.lu/c/336Kotori.png
337,Sonoda Umi,R,//i.schoolido.lu/c/337idolizedUmi.png,//i.schoolido.lu/c/337Umi.png
338,Hoshizora Rin,R,//i.schoolido.lu/c/338idolizedRin.png,//i.schoolido.lu/c/338Rin.png
339,Nishikino Maki,R,//i.schoolido.lu/c/339idolizedMaki.png,//i.schoolido.lu/c/339Maki.png
340,Toujou Nozomi,R,//i.schoolido.lu/c/340idolizedNozomi.png,//i.schoolido.lu/c/340Nozomi.png
341,Koizumi Hanayo,R,//i.schoolido.lu/c/341idolizedHanayo.png,//i.schoolido.lu/c/341Hanayo.png
342,Yazawa Nico,R,//i.schoolido.lu/c/342idolizedNico.png,//i.schoolido.lu/c/342Nico.png
343,Minami Kotori,SR,//i.schoolido.lu/c/343idolizedKotori.png,//i.schoolido.lu/c/343Kotori.png
344,Nishikino Maki,SR,//i.schoolido.lu/c/344idolizedMaki.png,//i.schoolido.lu/c/344Maki.png
345,Koizumi Hanayo,SR,//i.schoolido.lu/c/345idolizedHanayo.png,//i.schoolido.lu/c/345Hanayo.png
346,Kousaka Honoka,UR,//i.schoolido.lu/c/346idolizedHonoka.png,//i.schoolido.lu/c/346Honoka.png
347,Kousaka Honoka,UR,//i.schoolido.lu/c/347idolizedHonoka.png,
349,Kousaka Honoka,SR,//i.schoolido.lu/c/349idolizedHonoka.png,
350,Ayase Eli,SR,//i.schoolido.lu/c/350idolizedEli.png,//i.schoolido.lu/c/350Eli.png
351,Ayase Eli,SR,//i.schoolido.lu/c/351idolizedEli.png,
352,Toujou Nozomi,SR,//i.schoolido.lu/c/352idolizedNozomi.png,
354,Kousaka Honoka,SR,//i.schoolido.lu/c/354idolizedHonoka.png,//i.schoolido.lu/c/354Honoka.png
355,Sonoda Umi,SR,//i.schoolido.lu/c/355idolizedUmi.png,//i.schoolido.lu/c/355Umi.png
356,Hoshizora Rin,SR,//i.schoolido.lu/c/356idolizedRin.png,//i.schoolido.lu/c/356Rin.png
357,Yazawa Nico,SR,//i.schoolido.lu/c/357idolizedNico.png,//i.schoolido.lu/c/357Nico.png
358,Nishikino Maki,UR,//i.schoolido.lu/c/358idolizedMaki.png,//i.schoolido.lu/c/358Maki.png
360,Toujou Nozomi,SR,//i.schoolido.lu/c/360idolizedNozomi.png,//i.schoolido.lu/c/360Nozomi.png
361,Ayase Eli,UR,//i.schoolido.lu/c/361idolizedEli.png,
362,Nishikino Maki,UR,//i.schoolido.lu/c/362idolizedMaki.png,
364,Ayase Eli,SR,//i.schoolido.lu/c/364idolizedEli.png,//i.schoolido.lu/c/364Eli.png
365,Minami Kotori,SR,//i.schoolido.lu/c/365idolizedKotori.png,//i.schoolido.lu/c/365Kotori.png
366,Koizumi Hanayo,SR,//i.schoolido.lu/c/366idolizedHanayo.png,//i.schoolido.lu/c/366Hanayo.png
367,Toujou Nozomi,UR,//i.schoolido.lu/c/367idolizedNozomi.png,//i.schoolido.lu/c/367Nozomi.png
369,Minami Kotori,SR,//i.schoolido.lu/c/369idolizedKotori.png,//i.schoolido.lu/c/369Kotori.png
370,Ayase Eli,UR,//i.schoolido.lu/c/370idolizedEli.png,
371,Nishikino Maki,UR,//i.schoolido.lu/c/371idolizedMaki.png,
372,Yazawa Nico,UR,//i.schoolido.lu/c/372idolizedNico.png,
374,Kousaka Honoka,SR,//i.schoolido.lu/c/374idolizedHonoka.png,//i.schoolido.lu/c/374Honoka.png
375,Ayase Eli,SR,//i.schoolido.lu/c/375idolizedEli.png,//i.schoolido.lu/c/375Eli.png
376,Hoshizora Rin,SR,//i.schoolido.lu/c/376idolizedRin.png,//i.schoolido.lu/c/376Rin.png
377,Toujou Nozomi,SR,//i.schoolido.lu/c/377idolizedNozomi.png,//i.schoolido.lu/c/377Nozomi.png
378,Minami Kotori,UR,//i.schoolido.lu/c/378idolizedKotori.png,//i.schoolido.lu/c/378Kotori.png
392,Yazawa Nico,SR,//i.schoolido.lu/c/392idolizedNico.png,//i.schoolido.lu/c/392Nico.png
394,Sonoda Umi,SR,//i.schoolido.lu/c/394idolizedUmi.png,//i.schoolido.lu/c/394Umi.png
395,Nishikino Maki,SR,//i.schoolido.lu/c/395idolizedMaki.png,//i.schoolido.lu/c/395Maki.png
396,Koizumi Hanayo,SR,//i.schoolido.lu/c/396idolizedHanayo.png,//i.schoolido.lu/c/396Hanayo.png
397,Yazawa Nico,UR,//i.schoolido.lu/c/397idolizedNico.png,//i.schoolido.lu/c/397Nico.png
399,Nishikino Maki,SR,//i.schoolido.lu/c/399idolizedMaki.png,//i.schoolido.lu/c/399Maki.png
400,Nishikino Maki,SR,//i.schoolido.lu/c/400idolizedMaki.png,
401,Yazawa Nico,SR,//i.schoolido.lu/c/401idolizedNico.png,
402,Hoshizora Rin,UR,//i.schoolido.lu/c/402idolizedRin.png,
404,Minami Kotori,SR,//i.schoolido.lu/c/404idolizedKotori.png,//i.schoolido.lu/c/404Kotori.png
405,Nishikino Maki,SR,//i.schoolido.lu/c/405idolizedMaki.png,//i.schoolido.lu/c/405Maki.png
406,Toujou Nozomi,SR,//i.schoolido.lu/c/406idolizedNozomi.png,//i.schoolido.lu/c/406Nozomi.png
407,Yazawa Nico,SR,//i.schoolido.lu/c/407idolizedNico.png,//i.schoolido.lu/c/407Nico.png
408,Hoshizora Rin,UR,//i.schoolido.lu/c/408idolizedRin.png,//i.schoolido.lu/c/408Rin.png
410,Kousaka Honoka,SR,//i.schoolido.lu/c/410idolizedHonoka.png,//i.schoolido.lu/c/410Honoka.png
412,Kousaka Honoka,SR,//i.schoolido.lu/c/412idolizedHonoka.png,//i.schoolido.lu/c/412Honoka.png
413,Ayase Eli,SR,//i.schoolido.lu/c/413idolizedEli.png,//i.schoolido.lu/c/413Eli.png
414,Koizumi Hanayo,SR,//i.schoolido.lu/c/414idolizedHanayo.png,//i.schoolido.lu/c/414Hanayo.png
415,Sonoda Umi,UR,//i.schoolido.lu/c/415idolizedUmi.png,//i.schoolido.lu/c/415Umi.png
417,Sonoda Umi,SR,//i.schoolido.lu/c/417idolizedUmi.png,//i.schoolido.lu/c/417Umi.png
418,Ayase Eli,UR,//i.schoolido.lu/c/418idolizedEli.png,
419,Sonoda Umi,UR,//i.schoolido.lu/c/419idolizedUmi.png,
421,Koizumi Hanayo,R,//i.schoolido.lu/c/421idolizedHanayo.png,
422,Kousaka Honoka,SR,//i.schoolido.lu/c/422idolizedHonoka.png,//i.schoolido.lu/c/422Honoka.png
423,Sonoda Umi,SR,//i.schoolido.lu/c/423idolizedUmi.png,//i.schoolido.lu/c/423Umi.png
424,Nishikino Maki,SR,//i.schoolido.lu/c/424idolizedMaki.png,//i.schoolido.lu/c/424Maki.png
425,Yazawa Nico,SR,//i.schoolido.lu/c/425idolizedNico.png,//i.schoolido.lu/c/425Nico.png
426,Koizumi Hanayo,UR,//i.schoolido.lu/c/426idolizedHanayo.png,//i.schoolido.lu/c/426Hanayo.png
428,Koizumi Hanayo,SR,//i.schoolido.lu/c/428idolizedHanayo.png,//i.schoolido.lu/c/428Hanayo.png
430,Kousaka Honoka,R,//i.schoolido.lu/c/430idolizedHonoka.png,//i.schoolido.lu/c/430Honoka.png
431,Ayase Eli,R,//i.schoolido.lu/c/431idolizedEli.png,//i.schoolido.lu/c/431Eli.png
432,Minami Kotori,R,//i.schoolido.lu/c/432idolizedKotori.png,//i.schoolido.lu/c/432Kotori.png
433,Sonoda Umi,R,//i.schoolido.lu/c/433idolizedUmi.png,//i.schoolido.lu/c/433Umi.png
434,Hoshizora Rin,R,//i.schoolido.lu/c/434idolizedRin.png,//i.schoolido.lu/c/434Rin.png
435,Nishikino Maki,R,//i.schoolido.lu/c/435idolizedMaki.png,//i.schoolido.lu/c/435Maki.png
436,Toujou Nozomi,R,//i.schoolido.lu/c/436idolizedNozomi.png,//i.schoolido.lu/c/436Nozomi.png
437,Koizumi Hanayo,R,//i.schoolido.lu/c/437idolizedHanayo.png,//i.schoolido.lu/c/437Hanayo.png
438,Yazawa Nico,R,//i.schoolido.lu/c/438idolizedNico.png,//i.schoolido.lu/c/438Nico.png
439,Ayase Eli,SR,//i.schoolido.lu/c/439idolizedEli.png,//i.schoolido.lu/c/439Eli.png
440,Minami Kotori,SR,//i.schoolido.lu/c/440idolizedKotori.png,//i.schoolido.lu/c/440Kotori.png
441,Hoshizora Rin,SR,//i.schoolido.lu/c/441idolizedRin.png,//i.schoolido.lu/c/441Rin.png
442,Toujou Nozomi,UR,//i.schoolido.lu/c/442idolizedNozomi.png,//i.schoolido.lu/c/442Nozomi.png
444,Kousaka Honoka,SR,//i.schoolido.lu/c/444idolizedHonoka.png,
445,Kousaka Honoka,SR,//i.schoolido.lu/c/445idolizedHonoka.png,
446,Minami Kotori,SR,//i.schoolido.lu/c/446idolizedKotori.png,
447,Sonoda Umi,SR,//i.schoolido.lu/c/447idolizedUmi.png,
448,Hoshizora Rin,SR,//i.schoolido.lu/c/448idolizedRin.png,//i.schoolido.lu/c/448Rin.png
449,Koizumi Hanayo,SR,//i.schoolido.lu/c/449idolizedHanayo.png,
450,Toujou Nozomi,UR,//i.schoolido.lu/c/450idolizedNozomi.png,
452,Kousaka Honoka,SR,//i.schoolido.lu/c/452idolizedHonoka.png,//i.schoolido.lu/c/452Honoka.png
453,Minami Kotori,SR,//i.schoolido.lu/c/453idolizedKotori.png,//i.schoolido.lu/c/453Kotori.png
454,Toujou Nozomi,SR,//i.schoolido.lu/c/454idolizedNozomi.png,//i.schoolido.lu/c/454Nozomi.png
455,Koizumi Hanayo,SR,//i.schoolido.lu/c/455idolizedHanayo.png,//i.schoolido.lu/c/455Hanayo.png
456,Nishikino Maki,UR,//i.schoolido.lu/c/456idolizedMaki.png,//i.schoolido.lu/c/456Maki.png
458,Ayase Eli,SR,//i.schoolido.lu/c/458idolizedEli.png,//i.schoolido.lu/c/458Eli.png
460,Ayase Eli,SR,//i.schoolido.lu/c/460idolizedEli.png,//i.schoolido.lu/c/460Eli.png
461,Sonoda Umi,SR,//i.schoolido.lu/c/461idolizedUmi.png,//i.schoolido.lu/c/461Umi.png
462,Yazawa Nico,SR,//i.schoolido.lu/c/462idolizedNico.png,//i.schoolido.lu/c/462Nico.png
463,Minami Kotori,UR,//i.schoolido.lu/c/463idolizedKotori.png,
464,Hoshizora Rin,UR,//i.schoolido.lu/c/464idolizedRin.png,//i.schoolido.lu/c/464Rin.png
465,Koizumi Hanayo,UR,//i.schoolido.lu/c/465idolizedHanayo.png,
467,Sonoda Umi,SR,//i.schoolido.lu/c/467idolizedUmi.png,
468,Hoshizora Rin,SR,//i.schoolido.lu/c/468idolizedRin.png,
469,Toujou Nozomi,SR,//i.schoolido.lu/c/469idolizedNozomi.png,//i.schoolido.lu/c/469Nozomi.png
470,Toujou Nozomi,SR,//i.schoolido.lu/c/470idolizedNozomi.png,
472,Sonoda Umi,SR,//i.schoolido.lu/c/472idolizedUmi.png,//i.schoolido.lu/c/472Umi.png
473,Toujou Nozomi,SR,//i.schoolido.lu/c/473idolizedNozomi.png,//i.schoolido.lu/c/473Nozomi.png
474,Koizumi Hanayo,SR,//i.schoolido.lu/c/474idolizedHanayo.png,//i.schoolido.lu/c/474Hanayo.png
475,Yazawa Nico,SR,//i.schoolido.lu/c/475idolizedNico.png,//i.schoolido.lu/c/475Nico.png
476,Minami Kotori,UR,//i.schoolido.lu/c/476idolizedKotori.png,//i.schoolido.lu/c/476Kotori.png
478,Nishikino Maki,SR,//i.schoolido.lu/c/478idolizedMaki.png,//i.schoolido.lu/c/478Maki.png
480,Ayase Eli,SR,//i.schoolido.lu/c/480idolizedEli.png,//i.schoolido.lu/c/480Eli.png
481,Hoshizora Rin,SR,//i.schoolido.lu/c/481idolizedRin.png,//i.schoolido.lu/c/481Rin.png
482,Nishikino Maki,SR,//i.schoolido.lu/c/482idolizedMaki.png,//i.schoolido.lu/c/482Maki.png
483,Kousaka Honoka,UR,//i.schoolido.lu/c/483idolizedHonoka.png,//i.schoolido.lu/c/483Honoka.png
484,Nishikino Maki,UR,//i.schoolido.lu/c/484idolizedMaki.png,
486,Ayase Eli,SR,//i.schoolido.lu/c/486idolizedEli.png,
487,Ayase Eli,SR,//i.schoolido.lu/c/487idolizedEli.png,
488,Nishikino Maki,SR,//i.schoolido.lu/c/488idolizedMaki.png,
489,Toujou Nozomi,SR,//i.schoolido.lu/c/489idolizedNozomi.png,
490,Yazawa Nico,SR,//i.schoolido.lu/c/490idolizedNico.png,//i.schoolido.lu/c/490Nico.png
491,Yazawa Nico,SR,//i.schoolido.lu/c/491idolizedNico.png,
492,Kousaka Honoka,UR,//i.schoolido.lu/c/492idolizedHonoka.png,
494,Kousaka Honoka,R,//i.schoolido.lu/c/494idolizedHonoka.png,//i.schoolido.lu/c/494Honoka.png
495,Ayase Eli,R,//i.schoolido.lu/c/495idolizedEli.png,//i.schoolido.lu/c/495Eli.png
496,Minami Kotori,R,//i.schoolido.lu/c/496idolizedKotori.png,//i.schoolido.lu/c/496Kotori.png
497,Sonoda Umi,R,//i.schoolido.lu/c/497idolizedUmi.png,//i.schoolido.lu/c/497Umi.png
498,Hoshizora Rin,R,//i.schoolido.lu/c/498idolizedRin.png,//i.schoolido.lu/c/498Rin.png
499,Nishikino Maki,R,//i.schoolido.lu/c/499idolizedMaki.png,//i.schoolido.lu/c/499Maki.png
500,Toujou Nozomi,R,//i.schoolido.lu/c/500idolizedNozomi.png,//i.schoolido.lu/c/500Nozomi.png
501,Koizumi Hanayo,R,//i.schoolido.lu/c/501idolizedHanayo.png,//i.schoolido.lu/c/501Hanayo.png
502,Yazawa Nico,R,//i.schoolido.lu/c/502idolizedNico.png,//i.schoolido.lu/c/502Nico.png
503,Kousaka Honoka,SR,//i.schoolido.lu/c/503idolizedHonoka.png,//i.schoolido.lu/c/503Honoka.png
504,Minami Kotori,SR,//i.schoolido.lu/c/504idolizedKotori.png,//i.schoolido.lu/c/504Kotori.png
505,Toujou Nozomi,SR,//i.schoolido.lu/c/505idolizedNozomi.png,//i.schoolido.lu/c/505Nozomi.png
506,Koizumi Hanayo,SR,//i.schoolido.lu/c/506idolizedHanayo.png,//i.schoolido.lu/c/506Hanayo.png
507,Ayase Eli,UR,//i.schoolido.lu/c/507idolizedEli.png,//i.schoolido.lu/c/507Eli.png
509,Minami Kotori,SR,//i.schoolido.lu/c/509idolizedKotori.png,//i.schoolido.lu/c/509Kotori.png
511,Sonoda Umi,SR,//i.schoolido.lu/c/511idolizedUmi.png,//i.schoolido.lu/c/511Umi.png
512,Hoshizora Rin,SR,//i.schoolido.lu/c/512idolizedRin.png,//i.schoolido.lu/c/512Rin.png
513,Nishikino Maki,SR,//i.schoolido.lu/c/513idolizedMaki.png,//i.schoolido.lu/c/513Maki.png
514,Yazawa Nico,UR,//i.schoolido.lu/c/514idolizedNico.png,//i.schoolido.lu/c/514Nico.png
516,Kousaka Honoka,SR,//i.schoolido.lu/c/516idolizedHonoka.png,
517,Ayase Eli,SR,//i.schoolido.lu/c/517idolizedEli.png,
518,Minami Kotori,SR,//i.schoolido.lu/c/518idolizedKotori.png,
519,Sonoda Umi,SR,//i.schoolido.lu/c/519idolizedUmi.png,
520,Hoshizora Rin,SR,//i.schoolido.lu/c/520idolizedRin.png,
521,Nishikino Maki,SR,//i.schoolido.lu/c/521idolizedMaki.png,
522,Toujou Nozomi,SR,//i.schoolido.lu/c/522idolizedNozomi.png,
523,Koizumi Hanayo,SR,//i.schoolido.lu/c/523idolizedHanayo.png,//i.schoolido.lu/c/523Hanayo.png
524,Koizumi Hanayo,SR,//i.schoolido.lu/c/524idolizedHanayo.png,
525,Yazawa Nico,SR,//i.schoolido.lu/c/525idolizedNico.png,
527,Kousaka Honoka,SR,//i.schoolido.lu/c/527idolizedHonoka.png,//i.schoolido.lu/c/527Honoka.png
528,Ayase Eli,SR,//i.schoolido.lu/c/528idolizedEli.png,//i.schoolido.lu/c/528Eli.png
529,Nishikino Maki,SR,//i.schoolido.lu/c/529idolizedMaki.png,//i.schoolido.lu/c/529Maki.png
530,Koizumi Hanayo,SR,//i.schoolido.lu/c/530idolizedHanayo.png,//i.schoolido.lu/c/530Hanayo.png
531,Toujou Nozomi,UR,//i.schoolido.lu/c/531idolizedNozomi.png,//i.schoolido.lu/c/531Nozomi.png
533,Kousaka Honoka,SR,//i.schoolido.lu/c/533idolizedHonoka.png,//i.schoolido.lu/c/533Honoka.png
535,Minami Kotori,SR,//i.schoolido.lu/c/535idolizedKotori.png,//i.schoolido.lu/c/535Kotori.png
536,Sonoda Umi,SR,//i.schoolido.lu/c/536idolizedUmi.png,//i.schoolido.lu/c/536Umi.png
537,Yazawa Nico,SR,//i.schoolido.lu/c/537idolizedNico.png,//i.schoolido.lu/c/537Nico.png
538,Hoshizora Rin,UR,//i.schoolido.lu/c/538idolizedRin.png,//i.schoolido.lu/c/538Rin.png
540,Yazawa Nico,R,//i.schoolido.lu/c/540idolizedNico.png,
541,Hoshizora Rin,SR,//i.schoolido.lu/c/541idolizedRin.png,
542,Toujou Nozomi,SR,//i.schoolido.lu/c/542idolizedNozomi.png,//i.schoolido.lu/c/542Nozomi.png
543,Koizumi Hanayo,SR,//i.schoolido.lu/c/543idolizedHanayo.png,
545,Ayase Eli,SR,//i.schoolido.lu/c/545idolizedEli.png,//i.schoolido.lu/c/545Eli.png
546,Minami Kotori,SR,//i.schoolido.lu/c/546idolizedKotori.png,//i.schoolido.lu/c/546Kotori.png
547,Hoshizora Rin,SR,//i.schoolido.lu/c/547idolizedRin.png,//i.schoolido.lu/c/547Rin.png
548,Nishikino Maki,SR,//i.schoolido.lu/c/548idolizedMaki.png,//i.schoolido.lu/c/548Maki.png
549,Sonoda Umi,UR,//i.schoolido.lu/c/549idolizedUmi.png,//i.schoolido.lu/c/549Umi.png
551,Ayase Eli,SR,//i.schoolido.lu/c/551idolizedEli.png,//i.schoolido.lu/c/551Eli.png
553,Kousaka Honoka,SR,//i.schoolido.lu/c/553idolizedHonoka.png,//i.schoolido.lu/c/553Honoka.png
554,Toujou Nozomi,SR,//i.schoolido.lu/c/554idolizedNozomi.png,//i.schoolido.lu/c/554Nozomi.png
555,Yazawa Nico,SR,//i.schoolido.lu/c/555idolizedNico.png,//i.schoolido.lu/c/555Nico.png
556,Koizumi Hanayo,UR,//i.schoolido.lu/c/556idolizedHanayo.png,//i.schoolido.lu/c/556Hanayo.png
558,Hoshizora Rin,SR,//i.schoolido.lu/c/558idolizedRin.png,//i.schoolido.lu/c/558Rin.png
559,Yazawa Nico,UR,//i.schoolido.lu/c/559idolizedNico.png,
561,Kousaka Honoka,SR,//i.schoolido.lu/c/561idolizedHonoka.png,//i.schoolido.lu/c/561Honoka.png
562,Hoshizora Rin,SR,//i.schoolido.lu/c/562idolizedRin.png,//i.schoolido.lu/c/562Rin.png
563,Nishikino Maki,SR,//i.schoolido.lu/c/563idolizedMaki.png,//i.schoolido.lu/c/563Maki.png
564,Toujou Nozomi,SR,//i.schoolido.lu/c/564idolizedNozomi.png,//i.schoolido.lu/c/564Nozomi.png
565,Minami Kotori,UR,//i.schoolido.lu/c/565idolizedKotori.png,//i.schoolido.lu/c/565Kotori.png
567,Sonoda Umi,SR,//i.schoolido.lu/c/567idolizedUmi.png,//i.schoolido.lu/c/567Umi.png
569,Kousaka Honoka,R,//i.schoolido.lu/c/569idolizedHonoka.png,//i.schoolido.lu/c/569Honoka.png
570,Ayase Eli,R,//i.schoolido.lu/c/570idolizedEli.png,//i.schoolido.lu/c/570Eli.png
571,Minami Kotori,R,//i.schoolido.lu/c/571idolizedKotori.png,//i.schoolido.lu/c/571Kotori.png
572,Sonoda Umi,R,//i.schoolido.lu/c/572idolizedUmi.png,//i.schoolido.lu/c/572Umi.png
573,Hoshizora Rin,R,//i.schoolido.lu/c/573idolizedRin.png,//i.schoolido.lu/c/573Rin.png
574,Nishikino Maki,R,//i.schoolido.lu/c/574idolizedMaki.png,//i.schoolido.lu/c/574Maki.png
575,Toujou Nozomi,R,//i.schoolido.lu/c/575idolizedNozomi.png,//i.schoolido.lu/c/575Nozomi.png
576,Koizumi Hanayo,R,//i.schoolido.lu/c/576idolizedHanayo.png,//i.schoolido.lu/c/576Hanayo.png
577,Yazawa Nico,R,//i.schoolido.lu/c/577idolizedNico.png,//i.schoolido.lu/c/577Nico.png
578,Sonoda Umi,SR,//i.schoolido.lu/c/578idolizedUmi.png,//i.schoolido.lu/c/578Umi.png
579,Koizumi Hanayo,SR,//i.schoolido.lu/c/579idolizedHanayo.png,//i.schoolido.lu/c/579Hanayo.png
580,Yazawa Nico,SR,//i.schoolido.lu/c/580idolizedNico.png,//i.schoolido.lu/c/580Nico.png
581,Ayase Eli,UR,//i.schoolido.lu/c/581idolizedEli.png,//i.schoolido.lu/c/581Eli.png
583,Minami Kotori,SR,//i.schoolido.lu/c/583idolizedKotori.png,//i.schoolido.lu/c/583Kotori.png
584,Toujou Nozomi,UR,//i.schoolido.lu/c/584idolizedNozomi.png,
586,Minami Kotori,SR,//i.schoolido.lu/c/586idolizedKotori.png,//i.schoolido.lu/c/586Kotori.png
587,Sonoda Umi,SR,//i.schoolido.lu/c/587idolizedUmi.png,//i.schoolido.lu/c/587Umi.png
588,Hoshizora Rin,SR,//i.schoolido.lu/c/588idolizedRin.png,//i.schoolido.lu/c/588Rin.png
589,Toujou Nozomi,SR,//i.schoolido.lu/c/589idolizedNozomi.png,//i.schoolido.lu/c/589Nozomi.png
590,Yazawa Nico,UR,//i.schoolido.lu/c/590idolizedNico.png,//i.schoolido.lu/c/590Nico.png
592,Kousaka Honoka,R,//i.schoolido.lu/c/592idolizedHonoka.png,
593,Minami Kotori,R,//i.schoolido.lu/c/593idolizedKotori.png,
594,Sonoda Umi,R,//i.schoolido.lu/c/594idolizedUmi.png,
595,Nishikino Maki,SR,//i.schoolido.lu/c/595idolizedMaki.png,//i.schoolido.lu/c/595Maki.png
597,Ayase Eli,SR,//i.schoolido.lu/c/597idolizedEli.png,//i.schoolido.lu/c/597Eli.png
598,Nishikino Maki,SR,//i.schoolido.lu/c/598idolizedMaki.png,//i.schoolido.lu/c/598Maki.png
599,Koizumi Hanayo,SR,//i.schoolido.lu/c/599idolizedHanayo.png,//i.schoolido.lu/c/599Hanayo.png
600,Kousaka Honoka,UR,//i.schoolido.lu/c/600idolizedHonoka.png,//i.schoolido.lu/c/600Honoka.png
602,Koizumi Hanayo,SR,//i.schoolido.lu/c/602idolizedHanayo.png,//i.schoolido.lu/c/602Hanayo.png
604,Kousaka Honoka,SR,//i.schoolido.lu/c/604idolizedHonoka.png,//i.schoolido.lu/c/604Honoka.png
605,Ayase Eli,SR,//i.schoolido.lu/c/605idolizedEli.png,//i.schoolido.lu/c/605Eli.png
606,Sonoda Umi,SR,//i.schoolido.lu/c/606idolizedUmi.png,//i.schoolido.lu/c/606Umi.png
607,Koizumi Hanayo,SR,//i.schoolido.lu/c/607idolizedHanayo.png,//i.schoolido.lu/c/607Hanayo.png
608,Nishikino Maki,UR,//i.schoolido.lu/c/608idolizedMaki.png,//i.schoolido.lu/c/608Maki.png
610,Kousaka Honoka,R,//i.schoolido.lu/c/610idolizedHonoka.png,
611,Ayase Eli,R,//i.schoolido.lu/c/611idolizedEli.png,
612,Minami Kotori,R,//i.schoolido.lu/c/612idolizedKotori.png,
613,Sonoda Umi,R,//i.schoolido.lu/c/613idolizedUmi.png,
614,Hoshizora Rin,R,//i.schoolido.lu/c/614idolizedRin.png,
615,Nishikino Maki,R,//i.schoolido.lu/c/615idolizedMaki.png,
616,Toujou Nozomi,R,//i.schoolido.lu/c/616idolizedNozomi.png,
617,Koizumi Hanayo,R,//i.schoolido.lu/c/617idolizedHanayo.png,
618,Yazawa Nico,R,//i.schoolido.lu/c/618idolizedNico.png,
619,Kousaka Honoka,SR,//i.schoolido.lu/c/619idolizedHonoka.png,
620,Ayase Eli,SR,//i.schoolido.lu/c/620idolizedEli.png,
621,Minami Kotori,SR,//i.schoolido.lu/c/621idolizedKotori.png,
622,Sonoda Umi,SR,//i.schoolido.lu/c/622idolizedUmi.png,
623,Hoshizora Rin,SR,//i.schoolido.lu/c/623idolizedRin.png,
624,Nishikino Maki,SR,//i.schoolido.lu/c/624idolizedMaki.png,
625,Toujou Nozomi,SR,//i.schoolido.lu/c/625idolizedNozomi.png,
626,Koizumi Hanayo,SR,//i.schoolido.lu/c/626idolizedHanayo.png,
627,Yazawa Nico,SR,//i.schoolido.lu/c/627idolizedNico.png,
628,Yazawa Nico,SR,//i.schoolido.lu/c/628idolizedNico.png,//i.schoolido.lu/c/628Nico.png
631,Hoshizora Rin,SR,//i.schoolido.lu/c/631idolizedRin.png,//i.schoolido.lu/c/631Rin.png
632,Toujou Nozomi,SR,//i.schoolido.lu/c/632idolizedNozomi.png,//i.schoolido.lu/c/632Nozomi.png
633,Yazawa Nico,SR,//i.schoolido.lu/c/633idolizedNico.png,//i.schoolido.lu/c/633Nico.png
634,Minami Kotori,UR,//i.schoolido.lu/c/634idolizedKotori.png,//i.schoolido.lu/c/634Kotori.png
636,Kousaka Honoka,SR,//i.schoolido.lu/c/636idolizedHonoka.png,//i.schoolido.lu/c/636Honoka.png
637,Yazawa Nico,UR,//i.schoolido.lu/c/637idolizedNico.png,
639,Kousaka Honoka,SR,//i.schoolido.lu/c/639idolizedHonoka.png,//i.schoolido.lu/c/639Honoka.png
640,Hoshizora Rin,SR,//i.schoolido.lu/c/640idolizedRin.png,//i.schoolido.lu/c/640Rin.png
641,Nishikino Maki,SR,//i.schoolido.lu/c/641idolizedMaki.png,//i.schoolido.lu/c/641Maki.png
642,Yazawa Nico,SR,//i.schoolido.lu/c/642idolizedNico.png,//i.schoolido.lu/c/642Nico.png
643,Sonoda Umi,UR,//i.schoolido.lu/c/643idolizedUmi.png,//i.schoolido.lu/c/643Umi.png
645,Ayase Eli,SR,//i.schoolido.lu/c/645idolizedEli.png,//i.schoolido.lu/c/645Eli.png
647,Ayase Eli,SR,//i.schoolido.lu/c/647idolizedEli.png,//i.schoolido.lu/c/647Eli.png
648,Minami Kotori,SR,//i.schoolido.lu/c/648idolizedKotori.png,//i.schoolido.lu/c/648Kotori.png
649,Koizumi Hanayo,SR,//i.schoolido.lu/c/649idolizedHanayo.png,//i.schoolido.lu/c/649Hanayo.png
650,Toujou Nozomi,UR,//i.schoolido.lu/c/650idolizedNozomi.png,//i.schoolido.lu/c/650Nozomi.png
652,Sonoda Umi,SR,//i.schoolido.lu/c/652idolizedUmi.png,//i.schoolido.lu/c/652Umi.png
653,Yazawa Nico,SR,//i.schoolido.lu/c/653idolizedNico.png,
655,Minami Kotori,SR,//i.schoolido.lu/c/655idolizedKotori.png,//i.schoolido.lu/c/655Kotori.png
656,Sonoda Umi,SR,//i.schoolido.lu/c/656idolizedUmi.png,//i.schoolido.lu/c/656Umi.png
657,Toujou Nozomi,SR,//i.schoolido.lu/c/657idolizedNozomi.png,//i.schoolido.lu/c/657Nozomi.png
658,Koizumi Hanayo,SR,//i.schoolido.lu/c/658idolizedHanayo.png,//i.schoolido.lu/c/658Hanayo.png
659,Ayase Eli,UR,//i.schoolido.lu/c/659idolizedEli.png,//i.schoolido.lu/c/659Eli.png
661,Toujou Nozomi,SR,//i.schoolido.lu/c/661idolizedNozomi.png,//i.schoolido.lu/c/661Nozomi.png
663,Kousaka Honoka,SR,//i.schoolido.lu/c/663idolizedHonoka.png,//i.schoolido.lu/c/663Honoka.png
664,Nishikino Maki,SR,//i.schoolido.lu/c/664idolizedMaki.png,//i.schoolido.lu/c/664Maki.png
665,Yazawa Nico,SR,//i.schoolido.lu/c/665idolizedNico.png,//i.schoolido.lu/c/665Nico.png
666,Hoshizora Rin,UR,//i.schoolido.lu/c/666idolizedRin.png,//i.schoolido.lu/c/666Rin.png
668,Hoshizora Rin,R,//i.schoolido.lu/c/668idolizedRin.png,
669,Hoshizora Rin,SR,//i.schoolido.lu/c/669idolizedRin.png,//i.schoolido.lu/c/669Rin.png
671,Kousaka Honoka,SR,//i.schoolido.lu/c/671idolizedHonoka.png,//i.schoolido.lu/c/671Honoka.png
672,Ayase Eli,SR,//i.schoolido.lu/c/672idolizedEli.png,//i.schoolido.lu/c/672Eli.png
673,Sonoda Umi,SR,//i.schoolido.lu/c/673idolizedUmi.png,//i.schoolido.lu/c/673Umi.png
674,Nishikino Maki,SR,//i.schoolido.lu/c/674idolizedMaki.png,//i.schoolido.lu/c/674Maki.png
675,Koizumi Hanayo,UR,//i.schoolido.lu/c/675idolizedHanayo.png,//i.schoolido.lu/c/675Hanayo.png
677,Minami Kotori,SR,//i.schoolido.lu/c/677idolizedKotori.png,//i.schoolido.lu/c/677Kotori.png
679,Kousaka Honoka,R,//i.schoolido.lu/c/679idolizedHonoka.png,//i.schoolido.lu/c/679Honoka.png
680,Ayase Eli,R,//i.schoolido.lu/c/680idolizedEli.png,//i.schoolido.lu/c/680Eli.png
681,Minami Kotori,R,//i.schoolido.lu/c/681idolizedKotori.png,//i.schoolido.lu/c/681Kotori.png
682,Sonoda Umi,R,//i.schoolido.lu/c/682idolizedUmi.png,//i.schoolido.lu/c/682Umi.png
683,Hoshizora Rin,R,//i.schoolido.lu/c/683idolizedRin.png,//i.schoolido.lu/c/683Rin.png
684,Nishikino Maki,R,//i.schoolido.lu/c/684idolizedMaki.png,//i.schoolido.lu/c/684Maki.png
685,Toujou Nozomi,R,//i.schoolido.lu/c/685idolizedNozomi.png,//i.schoolido.lu/c/685Nozomi.png
686,Koizumi Hanayo,R,//i.schoolido.lu/c/686idolizedHanayo.png,//i.schoolido.lu/c/686Hanayo.png
687,Yazawa Nico,R,//i.schoolido.lu/c/687idolizedNico.png,//i.schoolido.lu/c/687Nico.png
688,Minami Kotori,SR,//i.schoolido.lu/c/688idolizedKotori.png,//i.schoolido.lu/c/688Kotori.png
689,Hoshizora Rin,SR,//i.schoolido.lu/c/689idolizedRin.png,//i.schoolido.lu/c/689Rin.png
690,Toujou Nozomi,SR,//i.schoolido.lu/c/690idolizedNozomi.png,//i.schoolido.lu/c/690Nozomi.png
691,Ayase Eli,UR,//i.schoolido.lu/c/691idolizedEli.png,
692,Yazawa Nico,UR,//i.schoolido.lu/c/692idolizedNico.png,//i.schoolido.lu/c/692Nico.png
694,Nishikino Maki,SR,//i.schoolido.lu/c/694idolizedMaki.png,
695,Koizumi Hanayo,SR,//i.schoolido.lu/c/695idolizedHanayo.png,//i.schoolido.lu/c/695Hanayo.png
697,Sonoda Umi,SR,//i.schoolido.lu/c/697idolizedUmi.png,//i.schoolido.lu/c/697Umi.png
698,Toujou Nozomi,SR,//i.schoolido.lu/c/698idolizedNozomi.png,//i.schoolido.lu/c/698Nozomi.png
699,Koizumi Hanayo,SR,//i.schoolido.lu/c/699idolizedHanayo.png,//i.schoolido.lu/c/699Hanayo.png
700,Yazawa Nico,SR,//i.schoolido.lu/c/700idolizedNico.png,//i.schoolido.lu/c/700Nico.png
701,Nishikino Maki,UR,//i.schoolido.lu/c/701idolizedMaki.png,//i.schoolido.lu/c/701Maki.png
703,Nishikino Maki,SR,//i.schoolido.lu/c/703idolizedMaki.png,//i.schoolido.lu/c/703Maki.png
705,Ayase Eli,SR,//i.schoolido.lu/c/705idolizedEli.png,//i.schoolido.lu/c/705Eli.png
706,Minami Kotori,SR,//i.schoolido.lu/c/706idolizedKotori.png,//i.schoolido.lu/c/706Kotori.png
707,Hoshizora Rin,SR,//i.schoolido.lu/c/707idolizedRin.png,//i.schoolido.lu/c/707Rin.png
708,Kousaka Honoka,UR,//i.schoolido.lu/c/708idolizedHonoka.png,//i.schoolido.lu/c/708Honoka.png
710,Kousaka Honoka,SR,//i.schoolido.lu/c/710idolizedHonoka.png,
711,Ayase Eli,SR,//i.schoolido.lu/c/711idolizedEli.png,//i.schoolido.lu/c/711Eli.png
712,Ayase Eli,SR,//i.schoolido.lu/c/712idolizedEli.png,
713,Minami Kotori,SR,//i.schoolido.lu/c/713idolizedKotori.png,
714,Sonoda Umi,SR,//i.schoolido.lu/c/714idolizedUmi.png,
715,Hoshizora Rin,SR,//i.schoolido.lu/c/715idolizedRin.png,
716,Nishikino Maki,SR,//i.schoolido.lu/c/716idolizedMaki.png,
717,Toujou Nozomi,SR,//i.schoolido.lu/c/717idolizedNozomi.png,
718,Koizumi Hanayo,SR,//i.schoolido.lu/c/718idolizedHanayo.png,
719,Yazawa Nico,SR,//i.schoolido.lu/c/719idolizedNico.png,
720,Koizumi Hanayo,UR,//i.schoolido.lu/c/720idolizedHanayo.png,
722,Ayase Eli,SR,//i.schoolido.lu/c/722idolizedEli.png,//i.schoolido.lu/c/722Eli.png
723,Sonoda Umi,SR,//i.schoolido.lu/c/723idolizedUmi.png,//i.schoolido.lu/c/723Umi.png
724,Hoshizora Rin,SR,//i.schoolido.lu/c/724idolizedRin.png,//i.schoolido.lu/c/724Rin.png
725,Yazawa Nico,SR,//i.schoolido.lu/c/725idolizedNico.png,//i.schoolido.lu/c/725Nico.png
726,Minami Kotori,UR,//i.schoolido.lu/c/726idolizedKotori.png,//i.schoolido.lu/c/726Kotori.png
728,Yazawa Nico,SR,//i.schoolido.lu/c/728idolizedNico.png,//i.schoolido.lu/c/728Nico.png
730,Kousaka Honoka,SR,//i.schoolido.lu/c/730idolizedHonoka.png,//i.schoolido.lu/c/730Honoka.png
731,Nishikino Maki,SR,//i.schoolido.lu/c/731idolizedMaki.png,//i.schoolido.lu/c/731Maki.png
732,Koizumi Hanayo,SR,//i.schoolido.lu/c/732idolizedHanayo.png,//i.schoolido.lu/c/732Hanayo.png
733,Toujou Nozomi,UR,//i.schoolido.lu/c/733idolizedNozomi.png,//i.schoolido.lu/c/733Nozomi.png
735,Kousaka Honoka,SR,//i.schoolido.lu/c/735idolizedHonoka.png,
736,Minami Kotori,SR,//i.schoolido.lu/c/736idolizedKotori.png,
737,Sonoda Umi,SR,//i.schoolido.lu/c/737idolizedUmi.png,//i.schoolido.lu/c/737Umi.png
738,Koizumi Hanayo,SR,//i.schoolido.lu/c/738idolizedHanayo.png,
740,Sonoda Umi,SR,//i.schoolido.lu/c/740idolizedUmi.png,//i.schoolido.lu/c/740Umi.png
741,Hoshizora Rin,SR,//i.schoolido.lu/c/741idolizedRin.png,//i.schoolido.lu/c/741Rin.png
742,Nishikino Maki,SR,//i.schoolido.lu/c/742idolizedMaki.png,//i.schoolido.lu/c/742Maki.png
743,Toujou Nozomi,SR,//i.schoolido.lu/c/743idolizedNozomi.png,//i.schoolido.lu/c/743Nozomi.png
744,Ayase Eli,UR,//i.schoolido.lu/c/744idolizedEli.png,//i.schoolido.lu/c/744Eli.png
746,Kousaka Honoka,SR,//i.schoolido.lu/c/746idolizedHonoka.png,//i.schoolido.lu/c/746Honoka.png
747,Kousaka Honoka,UR,//i.schoolido.lu/c/747idolizedHonoka.png,
749,Kousaka Honoka,R,//i.schoolido.lu/c/749idolizedHonoka.png,//i.schoolido.lu/c/749Honoka.png
750,Ayase Eli,R,//i.schoolido.lu/c/750idolizedEli.png,//i.schoolido.lu/c/750Eli.png
751,Minami Kotori,R,//i.schoolido.lu/c/751idolizedKotori.png,//i.schoolido.lu/c/751Kotori.png
752,Sonoda Umi,R,//i.schoolido.lu/c/752idolizedUmi.png,//i.schoolido.lu/c/752Umi.png
753,Hoshizora Rin,R,//i.schoolido.lu/c/753idolizedRin.png,//i.schoolido.lu/c/753Rin.png
754,Nishikino Maki,R,//i.schoolido.lu/c/754idolizedMaki.png,//i.schoolido.lu/c/754Maki.png
755,Toujou Nozomi,R,//i.schoolido.lu/c/755idolizedNozomi.png,//i.schoolido.lu/c/755Nozomi.png
756,Koizumi Hanayo,R,//i.schoolido.lu/c/756idolizedHanayo.png,//i.schoolido.lu/c/756Hanayo.png
757,Yazawa Nico,R,//i.schoolido.lu/c/757idolizedNico.png,//i.schoolido.lu/c/757Nico.png
758,Kousaka Honoka,SR,//i.schoolido.lu/c/758idolizedHonoka.png,//i.schoolido.lu/c/758Honoka.png
759,Minami Kotori,SR,//i.schoolido.lu/c/759idolizedKotori.png,//i.schoolido.lu/c/759Kotori.png
760,Yazawa Nico,SR,//i.schoolido.lu/c/760idolizedNico.png,//i.schoolido.lu/c/760Nico.png
761,Koizumi Hanayo,UR,//i.schoolido.lu/c/761idolizedHanayo.png,//i.schoolido.lu/c/761Hanayo.png
763,Sonoda Umi,SR,//i.schoolido.lu/c/763idolizedUmi.png,
764,Hoshizora Rin,SR,//i.schoolido.lu/c/764idolizedRin.png,//i.schoolido.lu/c/764Rin.png
765,Hoshizora Rin,SR,//i.schoolido.lu/c/765idolizedRin.png,
766,Toujou Nozomi,SR,//i.schoolido.lu/c/766idolizedNozomi.png,
768,Kousaka Honoka,SR,//i.schoolido.lu/c/768idolizedHonoka.png,//i.schoolido.lu/c/768Honoka.png
769,Hoshizora Rin,SR,//i.schoolido.lu/c/769idolizedRin.png,//i.schoolido.lu/c/769Rin.png
770,Toujou Nozomi,SR,//i.schoolido.lu/c/770idolizedNozomi.png,//i.schoolido.lu/c/770Nozomi.png
771,Yazawa Nico,SR,//i.schoolido.lu/c/771idolizedNico.png,//i.schoolido.lu/c/771Nico.png
772,Nishikino Maki,UR,//i.schoolido.lu/c/772idolizedMaki.png,//i.schoolido.lu/c/772Maki.png
774,Toujou Nozomi,SR,//i.schoolido.lu/c/774idolizedNozomi.png,//i.schoolido.lu/c/774Nozomi.png
776,Ayase Eli,SR,//i.schoolido.lu/c/776idolizedEli.png,//i.schoolido.lu/c/776Eli.png
777,Ayase Eli,SR,//i.schoolido.lu/c/777idolizedEli.png,
778,Minami Kotori,SR,//i.schoolido.lu/c/778idolizedKotori.png,//i.schoolido.lu/c/778Kotori.png
779,Nishikino Maki,SR,//i.schoolido.lu/c/779idolizedMaki.png,
780,Koizumi Hanayo,SR,//i.schoolido.lu/c/780idolizedHanayo.png,//i.schoolido.lu/c/780Hanayo.png
781,Yazawa Nico,SR,//i.schoolido.lu/c/781idolizedNico.png,
782,Sonoda Umi,UR,//i.schoolido.lu/c/782idolizedUmi.png,//i.schoolido.lu/c/782Umi.png
784,Minami Kotori,SR,//i.schoolido.lu/c/784idolizedKotori.png,//i.schoolido.lu/c/784Kotori.png
786,Takami Chika,R,//i.schoolido.lu/c/786idolizedChika.png,//i.schoolido.lu/c/786Chika.png
787,Sakurauchi Riko,R,//i.schoolido.lu/c/787idolizedRiko.png,//i.schoolido.lu/c/787Riko.png
788,Matsuura Kanan,R,//i.schoolido.lu/c/788idolizedKanan.png,//i.schoolido.lu/c/788Kanan.png
789,Kurosawa Dia,R,//i.schoolido.lu/c/789idolizedDia.png,//i.schoolido.lu/c/789Dia.png
790,Watanabe You,R,//i.schoolido.lu/c/790idolizedYou.png,//i.schoolido.lu/c/790You.png
791,Tsushima Yoshiko,R,//i.schoolido.lu/c/791idolizedYoshiko.png,//i.schoolido.lu/c/791Yoshiko.png
792,Kunikida Hanamaru,R,//i.schoolido.lu/c/792idolizedHanamaru.png,//i.schoolido.lu/c/792Hanamaru.png
793,Ohara Mari,R,//i.schoolido.lu/c/793idolizedMari.png,//i.schoolido.lu/c/793Mari.png
794,Kurosawa Ruby,R,//i.schoolido.lu/c/794idolizedRuby.png,//i.schoolido.lu/c/794Ruby.png
795,Ayase Eli,SR,//i.schoolido.lu/c/795idolizedEli.png,//i.schoolido.lu/c/795Eli.png
796,Sonoda Umi,SR,//i.schoolido.lu/c/796idolizedUmi.png,//i.schoolido.lu/c/796Umi.png
797,Toujou Nozomi,SR,//i.schoolido.lu/c/797idolizedNozomi.png,//i.schoolido.lu/c/797Nozomi.png
798,Koizumi Hanayo,SR,//i.schoolido.lu/c/798idolizedHanayo.png,//i.schoolido.lu/c/798Hanayo.png
799,Yazawa Nico,UR,//i.schoolido.lu/c/799idolizedNico.png,//i.schoolido.lu/c/799Nico.png
801,Kousaka Honoka,R,//i.schoolido.lu/c/801idolizedHonoka.png,
802,Ayase Eli,R,//i.schoolido.lu/c/802idolizedEli.png,
803,Minami Kotori,R,//i.schoolido.lu/c/803idolizedKotori.png,
804,Sonoda Umi,R,//i.schoolido.lu/c/804idolizedUmi.png,
805,Hoshizora Rin,R,//i.schoolido.lu/c/805idolizedRin.png,
806,Nishikino Maki,R,//i.schoolido.lu/c/806idolizedMaki.png,
807,Toujou Nozomi,R,//i.schoolido.lu/c/807idolizedNozomi.png,
808,Koizumi Hanayo,R,//i.schoolido.lu/c/808idolizedHanayo.png,
809,Yazawa Nico,R,//i.schoolido.lu/c/809idolizedNico.png,
810,Ayase Eli,SR,//i.schoolido.lu/c/810idolizedEli.png,//i.schoolido.lu/c/810Eli.png
812,Kousaka Honoka,SR,//i.schoolido.lu/c/812idolizedHonoka.png,//i.schoolido.lu/c/812Honoka.png
813,Minami Kotori,SR,//i.schoolido.lu/c/813idolizedKotori.png,//i.schoolido.lu/c/813Kotori.png
814,Nishikino Maki,SR,//i.schoolido.lu/c/814idolizedMaki.png,//i.schoolido.lu/c/814Maki.png
815,Hoshizora Rin,UR,//i.schoolido.lu/c/815idolizedRin.png,//i.schoolido.lu/c/815Rin.png
817,Sonoda Umi,SR,//i.schoolido.lu/c/817idolizedUmi.png,//i.schoolido.lu/c/817Umi.png
818,Kousaka Honoka,UR,//i.schoolido.lu/c/818idolizedHonoka.png,
820,Kousaka Honoka,SR,//i.schoolido.lu/c/820idolizedHonoka.png,
821,Ayase Eli,SR,//i.schoolido.lu/c/821idolizedEli.png,//i.schoolido.lu/c/821Eli.png
822,Ayase Eli,SR,//i.schoolido.lu/c/822idolizedEli.png,
823,Minami Kotori,SR,//i.schoolido.lu/c/823idolizedKotori.png,
824,Minami Kotori,SR,//i.schoolido.lu/c/824idolizedKotori.png,//i.schoolido.lu/c/824Kotori.png
825,Sonoda Umi,SR,//i.schoolido.lu/c/825idolizedUmi.png,
826,Hoshizora Rin,SR,//i.schoolido.lu/c/826idolizedRin.png,
827,Hoshizora Rin,SR,//i.schoolido.lu/c/827idolizedRin.png,//i.schoolido.lu/c/827Rin.png
828,Nishikino Maki,SR,//i.schoolido.lu/c/828idolizedMaki.png,
829,Toujou Nozomi,SR,//i.schoolido.lu/c/829idolizedNozomi.png,//i.schoolido.lu/c/829Nozomi.png
830,Toujou Nozomi,SR,//i.schoolido.lu/c/830idolizedNozomi.png,
831,Koizumi Hanayo,SR,//i.schoolido.lu/c/831idolizedHanayo.png,
832,Yazawa Nico,SR,//i.schoolido.lu/c/832idolizedNico.png,
833,Kousaka Honoka,UR,//i.schoolido.lu/c/833idolizedHonoka.png,//i.schoolido.lu/c/833Honoka.png
835,Nishikino Maki,SR,//i.schoolido.lu/c/835idolizedMaki.png,//i.schoolido.lu/c/835Maki.png
840,Sonoda Umi,SR,//i.schoolido.lu/c/840idolizedUmi.png,//i.schoolido.lu/c/840Umi.png
841,Nishikino Maki,SR,//i.schoolido.lu/c/841idolizedMaki.png,//i.schoolido.lu/c/841Maki.png
842,Yazawa Nico,SR,//i.schoolido.lu/c/842idolizedNico.png,//i.schoolido.lu/c/842Nico.png
843,Koizumi Hanayo,UR,//i.schoolido.lu/c/843idolizedHanayo.png,//i.schoolido.lu/c/843Hanayo.png
845,Yazawa Nico,SR,//i.schoolido.lu/c/845idolizedNico.png,//i.schoolido.lu/c/845Nico.png
846,Kousaka Honoka,UR,//i.schoolido.lu/c/846idolizedHonoka.png,
848,Kousaka Honoka,SR,//i.schoolido.lu/c/848idolizedHonoka.png,//i.schoolido.lu/c/848Honoka.png
849,Hoshizora Rin,SR,//i.schoolido.lu/c/849idolizedRin.png,//i.schoolido.lu/c/849Rin.png
850,Toujou Nozomi,SR,//i.schoolido.lu/c/850idolizedNozomi.png,//i.schoolido.lu/c/850Nozomi.png
851,Koizumi Hanayo,SR,//i.schoolido.lu/c/851idolizedHanayo.png,//i.schoolido.lu/c/851Hanayo.png
852,Kousaka Honoka,UR,//i.schoolido.lu/c/852idolizedHonoka.png,
853,Minami Kotori,UR,//i.schoolido.lu/c/853idolizedKotori.png,
854,Sonoda Umi,UR,//i.schoolido.lu/c/854idolizedUmi.png,
855,Nishikino Maki,UR,//i.schoolido.lu/c/855idolizedMaki.png,//i.schoolido.lu/c/855Maki.png
857,Koizumi Hanayo,SR,//i.schoolido.lu/c/857idolizedHanayo.png,//i.schoolido.lu/c/857Hanayo.png
859,Minami Kotori,SR,//i.schoolido.lu/c/859idolizedKotori.png,//i.schoolido.lu/c/859Kotori.png
860,Sonoda Umi,SR,//i.schoolido.lu/c/860idolizedUmi.png,//i.schoolido.lu/c/860Umi.png
861,Yazawa Nico,SR,//i.schoolido.lu/c/861idolizedNico.png,//i.schoolido.lu/c/861Nico.png
862,Ayase Eli,UR,//i.schoolido.lu/c/862idolizedEli.png,//i.schoolido.lu/c/862Eli.png
864,Koizumi Hanayo,R,//i.schoolido.lu/c/864idolizedHanayo.png,
865,Hoshizora Rin,SR,//i.schoolido.lu/c/865idolizedRin.png,//i.schoolido.lu/c/865Rin.png
867,Kousaka Honoka,SR,//i.schoolido.lu/c/867idolizedHonoka.png,//i.schoolido.lu/c/867Honoka.png
868,Ayase Eli,SR,//i.schoolido.lu/c/868idolizedEli.png,//i.schoolido.lu/c/868Eli.png
869,Sonoda Umi,SR,//i.schoolido.lu/c/869idolizedUmi.png,//i.schoolido.lu/c/869Umi.png
870,Koizumi Hanayo,SR,//i.schoolido.lu/c/870idolizedHanayo.png,//i.schoolido.lu/c/870Hanayo.png
871,Minami Kotori,UR,//i.schoolido.lu/c/871idolizedKotori.png,//i.schoolido.lu/c/871Kotori.png
872,Hoshizora Rin,UR,//i.schoolido.lu/c/872idolizedRin.png,
873,Nishikino Maki,UR,//i.schoolido.lu/c/873idolizedMaki.png,
874,Koizumi Hanayo,UR,//i.schoolido.lu/c/874idolizedHanayo.png,
876,Toujou Nozomi,SR,//i.schoolido.lu/c/876idolizedNozomi.png,//i.schoolido.lu/c/876Nozomi.png
878,Nishikino Maki,SR,//i.schoolido.lu/c/878idolizedMaki.png,//i.schoolido.lu/c/878Maki.png
879,Toujou Nozomi,SR,//i.schoolido.lu/c/879idolizedNozomi.png,//i.schoolido.lu/c/879Nozomi.png
880,Yazawa Nico,SR,//i.schoolido.lu/c/880idolizedNico.png,//i.schoolido.lu/c/880Nico.png
881,Hoshizora Rin,UR,//i.schoolido.lu/c/881idolizedRin.png,//i.schoolido.lu/c/881Rin.png
883,Kousaka Honoka,SR,//i.schoolido.lu/c/883idolizedHonoka.png,//i.schoolido.lu/c/883Honoka.png
885,Ayase Eli,SR,//i.schoolido.lu/c/885idolizedEli.png,//i.schoolido.lu/c/885Eli.png
886,Minami Kotori,SR,//i.schoolido.lu/c/886idolizedKotori.png,//i.schoolido.lu/c/886Kotori.png
887,Sonoda Umi,SR,//i.schoolido.lu/c/887idolizedUmi.png,//i.schoolido.lu/c/887Umi.png
888,Koizumi Hanayo,SR,//i.schoolido.lu/c/888idolizedHanayo.png,//i.schoolido.lu/c/888Hanayo.png
889,Ayase Eli,UR,//i.schoolido.lu/c/889idolizedEli.png,
890,Toujou Nozomi,UR,//i.schoolido.lu/c/890idolizedNozomi.png,//i.schoolido.lu/c/890Nozomi.png
891,Toujou Nozomi,UR,//i.schoolido.lu/c/891idolizedNozomi.png,
892,Yazawa Nico,UR,//i.schoolido.lu/c/892idolizedNico.png,
894,Takami Chika,SR,//i.schoolido.lu/c/894idolizedChika.png,//i.schoolido.lu/c/894Chika.png
895,Sakurauchi Riko,SR,//i.schoolido.lu/c/895idolizedRiko.png,//i.schoolido.lu/c/895Riko.png
897,Hoshizora Rin,SR,//i.schoolido.lu/c/897idolizedRin.png,//i.schoolido.lu/c/897Rin.png
898,Nishikino Maki,SR,//i.schoolido.lu/c/898idolizedMaki.png,//i.schoolido.lu/c/898Maki.png
899,Yazawa Nico,SR,//i.schoolido.lu/c/899idolizedNico.png,//i.schoolido.lu/c/899Nico.png
900,Kousaka Honoka,UR,//i.schoolido.lu/c/900idolizedHonoka.png,//i.schoolido.lu/c/900Honoka.png
902,Toujou Nozomi,SR,//i.schoolido.lu/c/902idolizedNozomi.png,//i.schoolido.lu/c/902Nozomi.png
903,Koizumi Hanayo,SR,//i.schoolido.lu/c/903idolizedHanayo.png,//i.schoolido.lu/c/903Hanayo.png
905,Kousaka Honoka,SR,//i.schoolido.lu/c/905idolizedHonoka.png,//i.schoolido.lu/c/905Honoka.png
906,Nishikino Maki,SR,//i.schoolido.lu/c/906idolizedMaki.png,//i.schoolido.lu/c/906Maki.png
907,Toujou Nozomi,SR,//i.schoolido.lu/c/907idolizedNozomi.png,//i.schoolido.lu/c/907Nozomi.png
908,Koizumi Hanayo,SR,//i.schoolido.lu/c/908idolizedHanayo.png,//i.schoolido.lu/c/908Hanayo.png
909,Yazawa Nico,UR,//i.schoolido.lu/c/909idolizedNico.png,//i.schoolido.lu/c/909Nico.png
910,Takami Chika,R,//i.schoolido.lu/c/910idolizedChika.png,//i.schoolido.lu/c/910Chika.png
911,Sakurauchi Riko,R,//i.schoolido.lu/c/911idolizedRiko.png,//i.schoolido.lu/c/911Riko.png
912,Matsuura Kanan,R,//i.schoolido.lu/c/912idolizedKanan.png,//i.schoolido.lu/c/912Kanan.png
913,Kurosawa Dia,R,//i.schoolido.lu/c/913idolizedDia.png,//i.schoolido.lu/c/913Dia.png
914,Watanabe You,R,//i.schoolido.lu/c/914idolizedYou.png,//i.schoolido.lu/c/914You.png
915,Tsushima Yoshiko,R,//i.schoolido.lu/c/915idolizedYoshiko.png,//i.schoolido.lu/c/915Yoshiko.png
916,Kunikida Hanamaru,R,//i.schoolido.lu/c/916idolizedHanamaru.png,//i.schoolido.lu/c/916Hanamaru.png
917,Ohara Mari,R,//i.schoolido.lu/c/917idolizedMari.png,//i.schoolido.lu/c/917Mari.png
918,Kurosawa Ruby,R,//i.schoolido.lu/c/918idolizedRuby.png,//i.schoolido.lu/c/918Ruby.png
919,Takami Chika,R,//i.schoolido.lu/c/919idolizedChika.png,//i.schoolido.lu/c/919Chika.png
920,Sakurauchi Riko,R,//i.schoolido.lu/c/920idolizedRiko.png,//i.schoolido.lu/c/920Riko.png
921,Matsuura Kanan,R,//i.schoolido.lu/c/921idolizedKanan.png,//i.schoolido.lu/c/921Kanan.png
922,Kurosawa Dia,R,//i.schoolido.lu/c/922idolizedDia.png,//i.schoolido.lu/c/922Dia.png
923,Watanabe You,R,//i.schoolido.lu/c/923idolizedYou.png,//i.schoolido.lu/c/923You.png
924,Tsushima Yoshiko,R,//i.schoolido.lu/c/924idolizedYoshiko.png,//i.schoolido.lu/c/924Yoshiko.png
925,Kunikida Hanamaru,R,//i.schoolido.lu/c/925idolizedHanamaru.png,//i.schoolido.lu/c/925Hanamaru.png
926,Ohara Mari,R,//i.schoolido.lu/c/926idolizedMari.png,//i.schoolido.lu/c/926Mari.png
927,Kurosawa Ruby,R,//i.schoolido.lu/c/927idolizedRuby.png,//i.schoolido.lu/c/927Ruby.png
928,Takami Chika,SR,//i.schoolido.lu/c/928idolizedChika.png,//i.schoolido.lu/c/928Chika.png
929,Sakurauchi Riko,SR,//i.schoolido.lu/c/929idolizedRiko.png,//i.schoolido.lu/c/929Riko.png
930,Matsuura Kanan,SR,//i.schoolido.lu/c/930idolizedKanan.png,//i.schoolido.lu/c/930Kanan.png
931,Kurosawa Dia,SR,//i.schoolido.lu/c/931idolizedDia.png,//i.schoolido.lu/c/931Dia.png
932,Watanabe You,SR,//i.schoolido.lu/c/932idolizedYou.png,//i.schoolido.lu/c/932You.png
933,Tsushima Yoshiko,SR,//i.schoolido.lu/c/933idolizedYoshiko.png,//i.schoolido.lu/c/933Yoshiko.png
934,Kunikida Hanamaru,SR,//i.schoolido.lu/c/934idolizedHanamaru.png,//i.schoolido.lu/c/934Hanamaru.png
935,Ohara Mari,SR,//i.schoolido.lu/c/935idolizedMari.png,//i.schoolido.lu/c/935Mari.png
936,Kurosawa Ruby,SR,//i.schoolido.lu/c/936idolizedRuby.png,//i.schoolido.lu/c/936Ruby.png
937,Kousaka Honoka,SSR,//i.schoolido.lu/c/937idolizedHonoka.png,//i.schoolido.lu/c/937Honoka.png
938,Ayase Eli,SSR,//i.schoolido.lu/c/938idolizedEli.png,//i.schoolido.lu/c/938Eli.png
939,Minami Kotori,SSR,//i.schoolido.lu/c/939idolizedKotori.png,//i.schoolido.lu/c/939Kotori.png
940,Sonoda Umi,SSR,//i.schoolido.lu/c/940idolizedUmi.png,//i.schoolido.lu/c/940Umi.png
941,Hoshizora Rin,SSR,//i.schoolido.lu/c/941idolizedRin.png,//i.schoolido.lu/c/941Rin.png
942,Nishikino Maki,SSR,//i.schoolido.lu/c/942idolizedMaki.png,//i.schoolido.lu/c/942Maki.png
943,Toujou Nozomi,SSR,//i.schoolido.lu/c/943idolizedNozomi.png,//i.schoolido.lu/c/943Nozomi.png
944,Koizumi Hanayo,SSR,//i.schoolido.lu/c/944idolizedHanayo.png,//i.schoolido.lu/c/944Hanayo.png
945,Yazawa Nico,SSR,//i.schoolido.lu/c/945idolizedNico.png,//i.schoolido.lu/c/945Nico.png
946,Takami Chika,SSR,//i.schoolido.lu/c/946idolizedChika.png,//i.schoolido.lu/c/946Chika.png
947,Sakurauchi Riko,SSR,//i.schoolido.lu/c/947idolizedRiko.png,//i.schoolido.lu/c/947Riko.png
948,Matsuura Kanan,SSR,//i.schoolido.lu/c/948idolizedKanan.png,//i.schoolido.lu/c/948Kanan.png
949,Kurosawa Dia,SSR,//i.schoolido.lu/c/949idolizedDia.png,//i.schoolido.lu/c/949Dia.png
950,Watanabe You,SSR,//i.schoolido.lu/c/950idolizedYou.png,//i.schoolido.lu/c/950You.png
951,Tsushima Yoshiko,SSR,//i.schoolido.lu/c/951idolizedYoshiko.png,//i.schoolido.lu/c/951Yoshiko.png
952,Kunikida Hanamaru,SSR,//i.schoolido.lu/c/952idolizedHanamaru.png,//i.schoolido.lu/c/952Hanamaru.png
953,Ohara Mari,SSR,//i.schoolido.lu/c/953idolizedMari.png,//i.schoolido.lu/c/953Mari.png
954,Kurosawa Ruby,SSR,//i.schoolido.lu/c/954idolizedRuby.png,//i.schoolido.lu/c/954Ruby.png
955,Takami Chika,UR,//i.schoolido.lu/c/955idolizedChika.png,//i.schoolido.lu/c/955Chika.png
956,Sakurauchi Riko,UR,//i.schoolido.lu/c/956idolizedRiko.png,//i.schoolido.lu/c/956Riko.png
957,Watanabe You,UR,//i.schoolido.lu/c/957idolizedYou.png,//i.schoolido.lu/c/957You.png
959,Kurosawa Dia,SR,//i.schoolido.lu/c/959idolizedDia.png,//i.schoolido.lu/c/959Dia.png
960,Kurosawa Ruby,SR,//i.schoolido.lu/c/960idolizedRuby.png,//i.schoolido.lu/c/960Ruby.png
962,Ayase Eli,SR,//i.schoolido.lu/c/962idolizedEli.png,//i.schoolido.lu/c/962Eli.png
963,Minami Kotori,SR,//i.schoolido.lu/c/963idolizedKotori.png,//i.schoolido.lu/c/963Kotori.png
964,Hoshizora Rin,SR,//i.schoolido.lu/c/964idolizedRin.png,//i.schoolido.lu/c/964Rin.png
965,Sonoda Umi,UR,//i.schoolido.lu/c/965idolizedUmi.png,//i.schoolido.lu/c/965Umi.png
967,Ayase Eli,SR,//i.schoolido.lu/c/967idolizedEli.png,//i.schoolido.lu/c/967Eli.png
968,Minami Kotori,SR,//i.schoolido.lu/c/968idolizedKotori.png,//i.schoolido.lu/c/968Kotori.png
970,Takami Chika,SR,//i.schoolido.lu/c/970idolizedChika.png,//i.schoolido.lu/c/970Chika.png
971,Kurosawa Dia,SR,//i.schoolido.lu/c/971idolizedDia.png,//i.schoolido.lu/c/971Dia.png
972,Ohara Mari,SR,//i.schoolido.lu/c/972idolizedMari.png,//i.schoolido.lu/c/972Mari.png
973,Tsushima Yoshiko,SSR,//i.schoolido.lu/c/973idolizedYoshiko.png,//i.schoolido.lu/c/973Yoshiko.png
974,Kunikida Hanamaru,UR,//i.schoolido.lu/c/974idolizedHanamaru.png,//i.schoolido.lu/c/974Hanamaru.png
976,Watanabe You,SR,//i.schoolido.lu/c/976idolizedYou.png,//i.schoolido.lu/c/976You.png
977,Kunikida Hanamaru,SR,//i.schoolido.lu/c/977idolizedHanamaru.png,//i.schoolido.lu/c/977Hanamaru.png
978,Ayase Eli,SR,//i.schoolido.lu/c/978idolizedEli.png,//i.schoolido.lu/c/978Eli.png
979,Toujou Nozomi,SR,//i.schoolido.lu/c/979idolizedNozomi.png,//i.schoolido.lu/c/979Nozomi.png
980,Kousaka Honoka,UR,//i.schoolido.lu/c/980idolizedHonoka.png,//i.schoolido.lu/c/980Honoka.png
982,Sakurauchi Riko,SR,//i.schoolido.lu/c/982idolizedRiko.png,//i.schoolido.lu/c/982Riko.png
983,Matsuura Kanan,SR,//i.schoolido.lu/c/983idolizedKanan.png,//i.schoolido.lu/c/983Kanan.png
984,Watanabe You,SSR,//i.schoolido.lu/c/984idolizedYou.png,//i.schoolido.lu/c/984You.png
985,Kurosawa Ruby,UR,//i.schoolido.lu/c/985idolizedRuby.png,//i.schoolido.lu/c/985Ruby.png
987,Yazawa Nico,R,//i.schoolido.lu/c/987idolizedNico.png,
988,Sonoda Umi,SR,//i.schoolido.lu/c/988idolizedUmi.png,//i.schoolido.lu/c/988Umi.png
989,Nishikino Maki,SR,//i.schoolido.lu/c/989idolizedMaki.png,//i.schoolido.lu/c/989Maki.png
990,Sonoda Umi,SR,//i.schoolido.lu/c/990idolizedUmi.png,//i.schoolido.lu/c/990Umi.png
991,Yazawa Nico,SSR,//i.schoolido.lu/c/991idolizedNico.png,//i.schoolido.lu/c/991Nico.png
993,Takami Chika,SR,//i.schoolido.lu/c/993idolizedChika.png?2,//i.schoolido.lu/c/993Chika.png?2
994,Tsushima Yoshiko,SR,//i.schoolido.lu/c/994idolizedYoshiko.png,//i.schoolido.lu/c/994Yoshiko.png
995,Kurosawa Ruby,SR,//i.schoolido.lu/c/995idolizedRuby.png,//i.schoolido.lu/c/995Ruby.png
996,Kurosawa Dia,SSR,//i.schoolido.lu/c/996idolizedDia.png,//i.schoolido.lu/c/996Dia.png
997,Ohara Mari,UR,//i.schoolido.lu/c/997idolizedMari.png,//i.schoolido.lu/c/997Mari.png
999,Matsuura Kanan,SR,//i.schoolido.lu/c/999idolizedKanan.png,//i.schoolido.lu/c/999Kanan.png
1000,Ohara Mari,SR,//i.schoolido.lu/c/1000idolizedMari.png,//i.schoolido.lu/c/1000Mari.png
1001,Hoshizora Rin,SR,//i.schoolido.lu/c/1001idolizedRin.png,//i.schoolido.lu/c/1001Rin.png
1002,Minami Kotori,UR,//i.schoolido.lu/c/1002idolizedKotori.png?3,//i.schoolido.lu/c/1002Kotori.png?3
1004,Watanabe You,SR,//i.schoolido.lu/c/1004idolizedYou.png,//i.schoolido.lu/c/1004You.png
1005,Kunikida Hanamaru,SR,//i.schoolido.lu/c/1005idolizedHanamaru.png,//i.schoolido.lu/c/1005Hanamaru.png
1006,Sakurauchi Riko,SSR,//i.schoolido.lu/c/1006idolizedRiko.png,//i.schoolido.lu/c/1006Riko.png
1007,Matsuura Kanan,UR,//i.schoolido.lu/c/1007idolizedKanan.png,//i.schoolido.lu/c/1007Kanan.png
1009,Kousaka Honoka,SR,//i.schoolido.lu/c/1009idolizedHonoka.png,//i.schoolido.lu/c/1009Honoka.png
1010,Yazawa Nico,SR,//i.schoolido.lu/c/1010idolizedNico.png,//i.schoolido.lu/c/1010Nico.png
1011,Koizumi Hanayo,SR,//i.schoolido.lu/c/1011idolizedHanayo.png,//i.schoolido.lu/c/1011Hanayo.png
1012,Nishikino Maki,SSR,//i.schoolido.lu/c/1012idolizedMaki.png,//i.schoolido.lu/c/1012Maki.png?1
1014,Sakurauchi Riko,SR,//i.schoolido.lu/c/1014idolizedRiko.png,//i.schoolido.lu/c/1014Riko.png
1015,Matsuura Kanan,SR,//i.schoolido.lu/c/1015idolizedKanan.png,//i.schoolido.lu/c/1015Kanan.png
1016,Ohara Mari,SR,//i.schoolido.lu/c/1016idolizedMari.png,//i.schoolido.lu/c/1016Mari.png
1017,Kurosawa Ruby,SSR,//i.schoolido.lu/c/1017idolizedRuby.png,//i.schoolido.lu/c/1017Ruby.png
1018,Tsushima Yoshiko,UR,//i.schoolido.lu/c/1018idolizedYoshiko.png,//i.schoolido.lu/c/1018Yoshiko.png
1020,Tsushima Yoshiko,SR,//i.schoolido.lu/c/1020idolizedYoshiko.png,//i.schoolido.lu/c/1020Yoshiko.png
1021,Kurosawa Ruby,SR,//i.schoolido.lu/c/1021idolizedRuby.png,//i.schoolido.lu/c/1021Ruby.png
1023,Sonoda Umi,SR,//i.schoolido.lu/c/1023idolizedUmi.png,//i.schoolido.lu/c/1023Umi.png
1024,Yazawa Nico,SR,//i.schoolido.lu/c/1024idolizedNico.png,//i.schoolido.lu/c/1024Nico.png
1025,Ayase Eli,UR,//i.schoolido.lu/c/1025idolizedEli.png,//i.schoolido.lu/c/1025Eli.png
1027,Watanabe You,SR,//i.schoolido.lu/c/1027idolizedYou.png,//i.schoolido.lu/c/1027You.png
1028,Kunikida Hanamaru,SR,//i.schoolido.lu/c/1028idolizedHanamaru.png,//i.schoolido.lu/c/1028Hanamaru.png
1029,Takami Chika,SSR,//i.schoolido.lu/c/1029idolizedChika.png,//i.schoolido.lu/c/1029Chika.png
1030,Kurosawa Dia,UR,//i.schoolido.lu/c/1030idolizedDia.png,//i.schoolido.lu/c/1030Dia.png
1032,Hoshizora Rin,SR,//i.schoolido.lu/c/1032idolizedRin.png,//i.schoolido.lu/c/1032Rin.png
1033,Toujou Nozomi,SR,//i.schoolido.lu/c/1033idolizedNozomi.png,//i.schoolido.lu/c/1033Nozomi.png
1034,Hoshizora Rin,SR,//i.schoolido.lu/c/1034idolizedRin.png,//i.schoolido.lu/c/1034Rin.png
1035,Koizumi Hanayo,SSR,//i.schoolido.lu/c/1035idolizedHanayo.png,//i.schoolido.lu/c/1035Hanayo.png
1037,Matsuura Kanan,SR,//i.schoolido.lu/c/1037idolizedKanan.png,//i.schoolido.lu/c/1037Kanan.png
1038,Tsushima Yoshiko,SR,//i.schoolido.lu/c/1038idolizedYoshiko.png,//i.schoolido.lu/c/1038Yoshiko.png
1039,Kurosawa Ruby,SR,//i.schoolido.lu/c/1039idolizedRuby.png,//i.schoolido.lu/c/1039Ruby.png
1040,Kunikida Hanamaru,SSR,//i.schoolido.lu/c/1040idolizedHanamaru.png,//i.schoolido.lu/c/1040Hanamaru.png
1041,Sakurauchi Riko,UR,//i.schoolido.lu/c/1041idolizedRiko.png,//i.schoolido.lu/c/1041Riko.png
1043,Takami Chika,SR,//i.schoolido.lu/c/1043idolizedChika.png,//i.schoolido.lu/c/1043Chika.png
1044,Watanabe You,SR,//i.schoolido.lu/c/1044idolizedYou.png,//i.schoolido.lu/c/1044You.png
1045,Minami Kotori,SR,//i.schoolido.lu/c/1045idolizedKotori.png,//i.schoolido.lu/c/1045Kotori.png
1046,Toujou Nozomi,UR,//i.schoolido.lu/c/1046idolizedNozomi.png,//i.schoolido.lu/c/1046Nozomi.png
1050,Kurosawa Dia,SR,//i.schoolido.lu/c/1050idolizedDia.png,//i.schoolido.lu/c/1050Dia.png
1051,Watanabe You,SR,//i.schoolido.lu/c/1051idolizedYou.png,//i.schoolido.lu/c/1051You.png
1052,Ohara Mari,SSR,//i.schoolido.lu/c/1052idolizedMari.png,//i.schoolido.lu/c/1052Mari.png
1053,Takami Chika,UR,//i.schoolido.lu/c/1053idolizedChika.png,//i.schoolido.lu/c/1053Chika.png
1055,Yazawa Nico,UR,//i.schoolido.lu/c/1055idolizedNico.png,
1057,Minami Kotori,SR,//i.schoolido.lu/c/1057idolizedKotori.png,//i.schoolido.lu/c/1057Kotori.png
1058,Nishikino Maki,SR,//i.schoolido.lu/c/1058idolizedMaki.png,//i.schoolido.lu/c/1058Maki.png
1059,Nishikino Maki,SR,//i.schoolido.lu/c/1059idolizedMaki.png,//i.schoolido.lu/c/1059Maki.png
1060,Kousaka Honoka,SSR,//i.schoolido.lu/c/1060idolizedHonoka.png,//i.schoolido.lu/c/1060Honoka.png
1062,Takami Chika,SR,//i.schoolido.lu/c/1062idolizedChika.png,//i.schoolido.lu/c/1062Chika.png
1063,Sakurauchi Riko,SR,//i.schoolido.lu/c/1063idolizedRiko.png,//i.schoolido.lu/c/1063Riko.png
1064,Ohara Mari,SR,//i.schoolido.lu/c/1064idolizedMari.png,//i.schoolido.lu/c/1064Mari.png
1065,Matsuura Kanan,SSR,//i.schoolido.lu/c/1065idolizedKanan.png,//i.schoolido.lu/c/1065Kanan.png
1066,Watanabe You,UR,//i.schoolido.lu/c/1066idolizedYou.png,//i.schoolido.lu/c/1066You.png
1068,Sakurauchi Riko,SR,//i.schoolido.lu/c/1068idolizedRiko.png,//i.schoolido.lu/c/1068Riko.png
1069,Kurosawa Dia,SR,//i.schoolido.lu/c/1069idolizedDia.png,//i.schoolido.lu/c/1069Dia.png
1071,Ayase Eli,SR,//i.schoolido.lu/c/1071idolizedEli.png,//i.schoolido.lu/c/1071Eli.png
1072,Toujou Nozomi,SR,//i.schoolido.lu/c/1072idolizedNozomi.png,//i.schoolido.lu/c/1072Nozomi.png
1073,Nishikino Maki,UR,//i.schoolido.lu/c/1073idolizedMaki.png,//i.schoolido.lu/c/1073Maki.png
1075,Kurosawa Dia,SR,//i.schoolido.lu/c/1075idolizedDia.png,//i.schoolido.lu/c/1075Dia.png
1076,Kurosawa Ruby,SR,//i.schoolido.lu/c/1076idolizedRuby.png,//i.schoolido.lu/c/1076Ruby.png
1077,Tsushima Yoshiko,SSR,//i.schoolido.lu/c/1077idolizedYoshiko.png,//i.schoolido.lu/c/1077Yoshiko.png
1078,Kunikida Hanamaru,UR,//i.schoolido.lu/c/1078idolizedHanamaru.png,//i.schoolido.lu/c/1078Hanamaru.png
1080,Kousaka Honoka,SR,//i.schoolido.lu/c/1080idolizedHonoka.png,//i.schoolido.lu/c/1080Honoka.png
1081,Sonoda Umi,SR,//i.schoolido.lu/c/1081idolizedUmi.png,//i.schoolido.lu/c/1081Umi.png
1082,Watanabe You,UR,//i.schoolido.lu/c/1082idolizedYou.png,
1084,Yazawa Nico,SR,//i.schoolido.lu/c/1084idolizedNico.png,//i.schoolido.lu/c/1084Nico.png
1085,Sonoda Umi,SSR,//i.schoolido.lu/c/1085idolizedUmi.png,//i.schoolido.lu/c/1085Umi.png
1087,Takami Chika,R,//i.schoolido.lu/c/1087idolizedChika.png,//i.schoolido.lu/c/1087Chika.png
1088,Sakurauchi Riko,R,//i.schoolido.lu/c/1088idolizedRiko.png,//i.schoolido.lu/c/1088Riko.png
1089,Matsuura Kanan,R,//i.schoolido.lu/c/1089idolizedKanan.png,//i.schoolido.lu/c/1089Kanan.png
1090,Kurosawa Dia,R,//i.schoolido.lu/c/1090idolizedDia.png,//i.schoolido.lu/c/1090Dia.png
1091,Watanabe You,R,//i.schoolido.lu/c/1091idolizedYou.png,//i.schoolido.lu/c/1091You.png
1092,Tsushima Yoshiko,R,//i.schoolido.lu/c/1092idolizedYoshiko.png,//i.schoolido.lu/c/1092Yoshiko.png
1093,Kunikida Hanamaru,R,//i.schoolido.lu/c/1093idolizedHanamaru.png,//i.schoolido.lu/c/1093Hanamaru.png
1094,Ohara Mari,R,//i.schoolido.lu/c/1094idolizedMari.png,//i.schoolido.lu/c/1094Mari.png
1095,Kurosawa Ruby,R,//i.schoolido.lu/c/1095idolizedRuby.png,//i.schoolido.lu/c/1095Ruby.png
1096,Takami Chika,SR,//i.schoolido.lu/c/1096idolizedChika.png,//i.schoolido.lu/c/1096Chika.png
1097,Watanabe You,SR,//i.schoolido.lu/c/1097idolizedYou.png,//i.schoolido.lu/c/1097You.png
1098,Kunikida Hanamaru,SR,//i.schoolido.lu/c/1098idolizedHanamaru.png,//i.schoolido.lu/c/1098Hanamaru.png
1099,Ohara Mari,SSR,//i.schoolido.lu/c/1099idolizedMari.png,//i.schoolido.lu/c/1099Mari.png
1100,Kurosawa Dia,UR,//i.schoolido.lu/c/1100idolizedDia.png,//i.schoolido.lu/c/1100Dia.png
1102,Tsushima Yoshiko,SR,//i.schoolido.lu/c/1102idolizedYoshiko.png,//i.schoolido.lu/c/1102Yoshiko.png
1103,Ohara Mari,SR,//i.schoolido.lu/c/1103idolizedMari.png,//i.schoolido.lu/c/1103Mari.png
1104,Koizumi Hanayo,SR,//i.schoolido.lu/c/1104idolizedHanayo.png,//i.schoolido.lu/c/1104Hanayo.png
1105,Hoshizora Rin,UR,//i.schoolido.lu/c/1105idolizedRin.png,//i.schoolido.lu/c/1105Rin.png
1107,Matsuura Kanan,SR,//i.schoolido.lu/c/1107idolizedKanan.png,//i.schoolido.lu/c/1107Kanan.png
1108,Tsushima Yoshiko,SR,//i.schoolido.lu/c/1108idolizedYoshiko.png,//i.schoolido.lu/c/1108Yoshiko.png
1109,Sakurauchi Riko,SSR,//i.schoolido.lu/c/1109idolizedRiko.png,//i.schoolido.lu/c/1109Riko.png
1110,Kurosawa Ruby,UR,//i.schoolido.lu/c/1110idolizedRuby.png,//i.schoolido.lu/c/1110Ruby.png
1112,Ayase Eli,SR,//i.schoolido.lu/c/1112idolizedEli.png,//i.schoolido.lu/c/1112Eli.png
1113,Koizumi Hanayo,SR,//i.schoolido.lu/c/1113idolizedHanayo.png,//i.schoolido.lu/c/1113Hanayo.png
1114,Kousaka Honoka,SR,//i.schoolido.lu/c/1114idolizedHonoka.png,//i.schoolido.lu/c/1114Honoka.png
1115,Minami Kotori,SSR,//i.schoolido.lu/c/1115idolizedKotori.png,//i.schoolido.lu/c/1115Kotori.png
1117,Sakurauchi Riko,SR,//i.schoolido.lu/c/1117idolizedRiko.png,//i.schoolido.lu/c/1117Riko.png
1118,Matsuura Kanan,SR,//i.schoolido.lu/c/1118idolizedKanan.png,//i.schoolido.lu/c/1118Kanan.png
1119,Kurosawa Dia,SR,//i.schoolido.lu/c/1119idolizedDia.png,//i.schoolido.lu/c/1119Dia.png
1120,Takami Chika,SSR,//i.schoolido.lu/c/1120idolizedChika.png,//i.schoolido.lu/c/1120Chika.png
1121,Tsushima Yoshiko,UR,//i.schoolido.lu/c/1121idolizedYoshiko.png,//i.schoolido.lu/c/1121Yoshiko.png
1123,Matsuura Kanan,SR,//i.schoolido.lu/c/1123idolizedKanan.png,//i.schoolido.lu/c/1123Kanan.png
1124,Kunikida Hanamaru,SR,//i.schoolido.lu/c/1124idolizedHanamaru.png,//i.schoolido.lu/c/1124Hanamaru.png
1125,Minami Kotori,SR,//i.schoolido.lu/c/1125idolizedKotori.png,//i.schoolido.lu/c/1125Kotori.png
1126,Koizumi Hanayo,SR,//i.schoolido.lu/c/1126idolizedHanayo.png,//i.schoolido.lu/c/1126Hanayo.png
1127,Sonoda Umi,UR,//i.schoolido.lu/c/1127idolizedUmi.png,//i.schoolido.lu/c/1127Umi.png
1129,Kunikida Hanamaru,SR,//i.schoolido.lu/c/1129idolizedHanamaru.png,//i.schoolido.lu/c/1129Hanamaru.png
1130,Kurosawa Ruby,SR,//i.schoolido.lu/c/1130idolizedRuby.png,//i.schoolido.lu/c/1130Ruby.png
1131,Watanabe You,SSR,//i.schoolido.lu/c/1131idolizedYou.png,//i.schoolido.lu/c/1131You.png
1132,Ohara Mari,UR,//i.schoolido.lu/c/1132idolizedMari.png,//i.schoolido.lu/c/1132Mari.png
1134,Hoshizora Rin,SR,//i.schoolido.lu/c/1134idolizedRin.png,//i.schoolido.lu/c/1134Rin.png
1135,Yazawa Nico,SR,//i.schoolido.lu/c/1135idolizedNico.png,//i.schoolido.lu/c/1135Nico.png?4
1137,Toujou Nozomi,SR,//i.schoolido.lu/c/1137idolizedNozomi.png,//i.schoolido.lu/c/1137Nozomi.png
1138,Ayase Eli,SSR,//i.schoolido.lu/c/1138idolizedEli.png,//i.schoolido.lu/c/1138Eli.png
1140,Takami Chika,SR,//i.schoolido.lu/c/1140idolizedChika.png,//i.schoolido.lu/c/1140Chika.png
1141,Watanabe You,SR,//i.schoolido.lu/c/1141idolizedYou.png,//i.schoolido.lu/c/1141You.png
